Moghadam,Arabic,Vietnamese
Najjar,Arabic,Korean
Said,Arabic,Chinese
Cham,Arabic,Chinese
Tuma,Arabic,Chinese
Arian,Arabic,Chinese
Hakimi,Arabic,Japanese
Boutros,Arabic,Korean
Kassis,Arabic,Greek
Abadi,Arabic,Chinese
Shamon,Arabic,Vietnamese
Kalb,Arabic,Chinese
Antar,Arabic,Chinese
Bishara,Arabic,Japanese
Kalb,Arabic,Chinese
Cham,Arabic,Chinese
Qureshi,Arabic,Chinese
Deeb,Arabic,Chinese
Assaf,Arabic,Chinese
Shamon,Arabic,Vietnamese
Shammas,Arabic,Greek
Shamon,Arabic,Vietnamese
Nader,Arabic,Chinese
Moghadam,Arabic,Vietnamese
Awad,Arabic,Chinese
Bazzi,Arabic,Chinese
Tannous,Arabic,Vietnamese
Deeb,Arabic,Chinese
Khoury,Arabic,Vietnamese
Tuma,Arabic,Chinese
Sayegh,Arabic,Vietnamese
Mifsud,Arabic,Korean
Bishara,Arabic,Japanese
Kalb,Arabic,Chinese
Hadad,Arabic,Chinese
Asfour,Arabic,Korean
Naifeh,Arabic,Vietnamese
Kassis,Arabic,Greek
Nahas,Arabic,Chinese
Botros,Arabic,Korean
Sabbag,Arabic,Vietnamese
Boutros,Arabic,Korean
Sarraf,Arabic,Korean
Daher,Arabic,Chinese
Khouri,Arabic,Vietnamese
Abboud,Arabic,Korean
Wasem,Arabic,Chinese
Issa,Arabic,Chinese
Saliba,Arabic,Korean
Daher,Arabic,Chinese
Koury,Arabic,Chinese
Haik,Arabic,Chinese
Ghannam,Arabic,Vietnamese
Antar,Arabic,Chinese
Khoury,Arabic,Vietnamese
Rahal,Arabic,Chinese
Morcos,Arabic,Korean
Kalb,Arabic,Chinese
Rahal,Arabic,Chinese
Kattan,Arabic,Vietnamese
Shadid,Arabic,Vietnamese
Shamoun,Arabic,Vietnamese
Wasem,Arabic,Chinese
Antar,Arabic,Chinese
Bishara,Arabic,Japanese
Guirguis,Arabic,Greek
Tahan,Arabic,Chinese
Guirguis,Arabic,Greek
Seif,Arabic,Chinese
Masih,Arabic,Chinese
Awad,Arabic,Chinese
Morcos,Arabic,Korean
Saliba,Arabic,Korean
Asghar,Arabic,Vietnamese
Asghar,Arabic,Vietnamese
Tahan,Arabic,Chinese
Asghar,Arabic,Vietnamese
Awad,Arabic,Chinese
Said,Arabic,Chinese
Said,Arabic,Chinese
Aswad,Arabic,Chinese
Shamoon,Arabic,Vietnamese
Kouri,Arabic,Chinese
Morcos,Arabic,Korean
Antar,Arabic,Chinese
Toma,Arabic,Chinese
Haik,Arabic,Chinese
Bahar,Arabic,Chinese
Harb,Arabic,Chinese
Awad,Arabic,Chinese
Fakhoury,Arabic,Vietnamese
Najjar,Arabic,Korean
Almasi,Arabic,Greek
Kassis,Arabic,Greek
Koury,Arabic,Chinese
Srour,Arabic,Chinese
Daher,Arabic,Chinese
Botros,Arabic,Korean
Abboud,Arabic,Korean
Saliba,Arabic,Korean
Antar,Arabic,Chinese
Hajjar,Arabic,Korean
Asker,Arabic,Chinese
Ba,Arabic,Chinese
Atiyeh,Arabic,Vietnamese
Masih,Arabic,Chinese
Ghanem,Arabic,Vietnamese
Awad,Arabic,Chinese
Nahas,Arabic,Chinese
Koury,Arabic,Chinese
Asfour,Arabic,Korean
Arian,Arabic,Chinese
Tahan,Arabic,Chinese
Zogby,Arabic,Chinese
Shamon,Arabic,Vietnamese
Atiyeh,Arabic,Vietnamese
Sarkis,Arabic,Greek
Srour,Arabic,Chinese
Sarkis,Arabic,Greek
Shalhoub,Arabic,Vietnamese
Nahas,Arabic,Chinese
Zogby,Arabic,Chinese
Ghannam,Arabic,Vietnamese
Cham,Arabic,Chinese
Shammas,Arabic,Greek
Guirguis,Arabic,Greek
Assaf,Arabic,Chinese
Bazzi,Arabic,Chinese
Tahan,Arabic,Chinese
Khouri,Arabic,Vietnamese
Tuma,Arabic,Chinese
Gerges,Arabic,Dutch
Sleiman,Arabic,Vietnamese
Mikhail,Arabic,Vietnamese
Hajjar,Arabic,Korean
Antoun,Arabic,Korean
Morcos,Arabic,Korean
Bahar,Arabic,Chinese
Bishara,Arabic,Japanese
Asker,Arabic,Chinese
Nassar,Arabic,Greek
Bitar,Arabic,Chinese
Ghanem,Arabic,Vietnamese
Maroun,Arabic,Korean
Said,Arabic,Chinese
Almasi,Arabic,Greek
Najjar,Arabic,Korean
Awad,Arabic,Chinese
Shammas,Arabic,Greek
Harb,Arabic,Chinese
Guirguis,Arabic,Greek
Shadid,Arabic,Vietnamese
Touma,Arabic,Chinese
Isa,Arabic,Chinese
Saliba,Arabic,Korean
Hanania,Arabic,Vietnamese
Ghanem,Arabic,Vietnamese
Wasem,Arabic,Chinese
Kassis,Arabic,Greek
Amari,Arabic,Chinese
Ba,Arabic,Chinese
Antoun,Arabic,Korean
Boulos,Arabic,Korean
Almasi,Arabic,Greek
Cham,Arabic,Chinese
Morcos,Arabic,Korean
Deeb,Arabic,Chinese
Sarraf,Arabic,Korean
Daher,Arabic,Chinese
Srour,Arabic,Chinese
Shamon,Arabic,Vietnamese
Sabbag,Arabic,Vietnamese
Kattan,Arabic,Vietnamese
Deeb,Arabic,Chinese
Gerges,Arabic,Dutch
Wasem,Arabic,Chinese
Antar,Arabic,Chinese
Ghanem,Arabic,Vietnamese
Quraishi,Arabic,Chinese
Mifsud,Arabic,Korean
Sleiman,Arabic,Vietnamese
Haddad,Arabic,Korean
Abboud,Arabic,Korean
Saliba,Arabic,Korean
Said,Arabic,Chinese
Najjar,Arabic,Korean
Botros,Arabic,Korean
Mustafa,Arabic,Korean
Bahar,Arabic,Chinese
Rahal,Arabic,Chinese
Arian,Arabic,Chinese
Zogby,Arabic,Chinese
Harb,Arabic,Chinese
Sleiman,Arabic,Vietnamese
Shammas,Arabic,Greek
Safar,Arabic,Chinese
Gaber,Arabic,Chinese
Tannous,Arabic,Vietnamese
Mansour,Arabic,Vietnamese
Aswad,Arabic,Chinese
Fakhoury,Arabic,Vietnamese
Gerges,Arabic,Dutch
Assaf,Arabic,Chinese
Antar,Arabic,Chinese
Haddad,Arabic,Korean
Amari,Arabic,Chinese
Tahan,Arabic,Chinese
Khouri,Arabic,Vietnamese
Bishara,Arabic,Japanese
Cham,Arabic,Chinese
Deeb,Arabic,Chinese
Antar,Arabic,Chinese
Najjar,Arabic,Korean
Naifeh,Arabic,Vietnamese
Daher,Arabic,Chinese
Bahar,Arabic,Chinese
Gaber,Arabic,Chinese
Shamoun,Arabic,Vietnamese
Issa,Arabic,Chinese
Haddad,Arabic,Korean
Seif,Arabic,Chinese
Kalb,Arabic,Chinese
Bitar,Arabic,Chinese
Malouf,Arabic,Korean
Gerges,Arabic,Dutch
Issa,Arabic,Chinese
Bitar,Arabic,Chinese
Assaf,Arabic,Chinese
Baz,Arabic,Chinese
Deeb,Arabic,Chinese
Nazari,Arabic,Korean
Najjar,Arabic,Korean
Kanaan,Arabic,Vietnamese
Totah,Arabic,Chinese
Shadid,Arabic,Vietnamese
Bazzi,Arabic,Chinese
Nahas,Arabic,Chinese
Srour,Arabic,Chinese
Koury,Arabic,Chinese
Mikhail,Arabic,Vietnamese
Wasem,Arabic,Chinese
Rahal,Arabic,Chinese
Koury,Arabic,Chinese
Khouri,Arabic,Vietnamese
Nader,Arabic,Chinese
Kattan,Arabic,Vietnamese
Najjar,Arabic,Korean
Mifsud,Arabic,Korean
Harb,Arabic,Chinese
Toma,Arabic,Chinese
Koury,Arabic,Chinese
Handal,Arabic,Vietnamese
Shamoun,Arabic,Vietnamese
Said,Arabic,Chinese
Kouri,Arabic,Chinese
Nazari,Arabic,Korean
Atiyeh,Arabic,Vietnamese
Rahal,Arabic,Chinese
Sarraf,Arabic,Korean
Aswad,Arabic,Chinese
Said,Arabic,Chinese
Zogby,Arabic,Chinese
Totah,Arabic,Chinese
Tannous,Arabic,Vietnamese
Mifsud,Arabic,Korean
Salib,Arabic,Chinese
Nazari,Arabic,Korean
Quraishi,Arabic,Chinese
Moghadam,Arabic,Vietnamese
Moghadam,Arabic,Vietnamese
Bitar,Arabic,Chinese
Basara,Arabic,Japanese
Issa,Arabic,Chinese
Mifsud,Arabic,Korean
Totah,Arabic,Chinese
Bishara,Arabic,Japanese
Awad,Arabic,Chinese
Fakhoury,Arabic,Vietnamese
Shalhoub,Arabic,Vietnamese
Sarraf,Arabic,Korean
Najjar,Arabic,Korean
Moghadam,Arabic,Vietnamese
Handal,Arabic,Vietnamese
Amari,Arabic,Chinese
Quraishi,Arabic,Chinese
Malouf,Arabic,Korean
Bahar,Arabic,Chinese
Nazari,Arabic,Korean
Mifsud,Arabic,Korean
Sleiman,Arabic,Vietnamese
Sayegh,Arabic,Vietnamese
Zogby,Arabic,Chinese
Quraishi,Arabic,Chinese
Gaber,Arabic,Chinese
Dagher,Arabic,Dutch
Gerges,Arabic,Dutch
Hakimi,Arabic,Japanese
Abadi,Arabic,Chinese
Salib,Arabic,Chinese
Halabi,Arabic,Korean
Kuai,Chinese,Chinese
Koo,Chinese,Italian
Sha,Chinese,Chinese
Khoo,Chinese,Italian
Zhong,Chinese,Chinese
Ying,Chinese,Chinese
Tsang,Chinese,Chinese
Zong,Chinese,Chinese
Rong,Chinese,Chinese
Miao,Chinese,Italian
Joe,Chinese,Chinese
Yuan,Chinese,Chinese
Fei,Chinese,Chinese
Chu,Chinese,Chinese
Bai,Chinese,Chinese
Lau,Chinese,Chinese
Zheng,Chinese,Chinese
Man,Chinese,Chinese
Pian,Chinese,Chinese
Thean,Chinese,Chinese
Duan,Chinese,Chinese
Jiu,Chinese,Chinese
Huang,Chinese,Chinese
Chai,Chinese,Chinese
Yee,Chinese,Chinese
Lew,Chinese,Chinese
Kuang,Chinese,Chinese
Qiu,Chinese,Chinese
Yan,Chinese,Chinese
Quan,Chinese,Chinese
Shi,Chinese,Chinese
Xian,Chinese,Chinese
Kan,Chinese,Chinese
Cui,Chinese,Chinese
Cen,Chinese,Chinese
Ou-Yang,Chinese,Vietnamese
Wang,Chinese,Chinese
Gao,Chinese,Italian
Yap,Chinese,Chinese
Huan,Chinese,Chinese
Ying,Chinese,Chinese
Stegon,Czech,Vietnamese
Hladky,Czech,Korean
Morek,Czech,Chinese
Pfeifer,Czech,Dutch
Blober,Czech,Dutch
Kaplanek,Czech,Vietnamese
Dvorak,Czech,Korean
Siegl,Czech,Chinese
Karlovsky,Czech,Korean
Victor,Czech,Korean
Antonowitsch,Czech,English
Soucek,Czech,Korean
Matejka,Czech,Korean
Mudra,Czech,Chinese
Slepicka,Czech,Korean
Brezovjak,Czech,Korean
Borovka,Czech,Korean
Hora,Czech,Chinese
Nestrojil,Czech,Dutch
Kazimor,Czech,Korean
Coma,Czech,Chinese
Rzehak,Czech,Vietnamese
Husk,Czech,Chinese
Panek,Czech,Chinese
Opp,Czech,Chinese
Marik,Czech,Chinese
Demko,Czech,Italian
Loskot,Czech,Korean
Kreisinger,Czech,Dutch
Kosko,Czech,Italian
Slivka,Czech,Korean
Geier,Czech,Chinese
Janacek,Czech,Vietnamese
Kouba,Czech,Chinese
Prachar,Czech,Vietnamese
Matocha,Czech,Vietnamese
Soukup,Czech,Korean
Pillar,Czech,Korean
Lind,Czech,Chinese
Kazmier,Czech,Dutch
Skala,Czech,Chinese
Urista,Czech,Greek
Muchalon,Czech,Vietnamese
Heidl,Czech,Chinese
Glatter,Czech,Dutch
Sekovora,Czech,Korean
Simecek,Czech,Korean
Hrabak,Czech,Korean
Furtsch,Czech,Vietnamese
Novak,Czech,Chinese
Vejvoda,Czech,Korean
Schallom,Czech,Vietnamese
Fojtikova,Czech,Korean
Kofel,Czech,Chinese
Rafaj1,Czech,Korean
Mozzis,Czech,Greek
Savchak,Czech,Vietnamese
Nadwornik,Czech,Korean
Chicken,Czech,Dutch
Dempko,Czech,Italian
Subertova,Czech,Dutch
Slapnickova,Czech,Korean
Alt,Czech,Chinese
Plisek,Czech,Greek
Kruessel,Czech,Dutch
Schubert,Czech,Dutch
Giersig,Czech,Dutch
Shima,Czech,Chinese
Fillipova,Czech,Korean
Malafa,Czech,Korean
Kubin,Czech,Chinese
Hanika,Czech,Vietnamese
Ondrisek,Czech,Greek
Snelker,Czech,Dutch
Janicek,Czech,Vietnamese
Biganska,Czech,Vietnamese
Kusak,Czech,Chinese
Jobst,Czech,Chinese
Hodoval,Czech,Korean
Krantz,Dutch,Vietnamese
See,Dutch,Chinese
Haanraats,Dutch,Vietnamese
Dale,Dutch,Chinese
Marquerink,Dutch,Dutch
Agteren,Dutch,Dutch
Snijder,Dutch,Dutch
Haanrade,Dutch,Vietnamese
Achthoven,Dutch,Dutch
Klein,Dutch,Chinese
Klerx,Dutch,Chinese
Nifterick,Dutch,Dutch
Maes,Dutch,Chinese
Samson,Dutch,English
Klerks,Dutch,Dutch
Rumpade,Dutch,Korean
Vandroogenbroeck,Dutch,Dutch
Spiker,Dutch,Dutch
Tholberg,Dutch,Dutch
Beek,Dutch,Chinese
Houtum,Dutch,Korean
Leeuwenhoek,Dutch,Dutch
Aggelen,Dutch,Dutch
Berg,Dutch,Chinese
Breda,Dutch,Chinese
Romeijnsen,Dutch,Dutch
Lucas,Dutch,Chinese
Rooiakkers,Dutch,Dutch
Ankeren,Dutch,Dutch
Alst,Dutch,Chinese
Schoorel,Dutch,Vietnamese
Paulissen,Dutch,Dutch
Roosevelt,Dutch,Korean
Schoorel,Dutch,Vietnamese
Ryskamp,Dutch,Korean
Prinsen,Dutch,Dutch
Oirschotten,Dutch,Dutch
Pender,Dutch,Dutch
Krusen,Dutch,Dutch
Segers,Dutch,Dutch
Nifterick,Dutch,Dutch
Dael,Dutch,Chinese
Antwerpen,Dutch,Dutch
Kuiper,Dutch,Dutch
Kuijpers,Dutch,Dutch
Tunison,Dutch,English
Islam,English,Chinese
Elphick,English,Vietnamese
Peters,English,Dutch
Tasker,English,Dutch
Gooch,English,Chinese
Walshe,English,Vietnamese
Sheldon,English,Vietnamese
Hutton,English,English
Nason,English,Chinese
Makin,English,Japanese
Anthony,English,Vietnamese
Adderley,English,Dutch
Groom,English,Chinese
Whittle,English,Vietnamese
Michael,English,Czech
Fountain,English,Korean
Bryant,English,Vietnamese
Shakespeare,English,Dutch
Ashford,English,Vietnamese
Middleton,English,English
Lacey,English,Chinese
Fargher,English,Dutch
Evison,English,English
Normington,English,English
Jefford,English,Korean
Banks,English,Chinese
Pallett,English,French
Elzer,English,Chinese
Harlow,English,Korean
Tyler,English,Chinese
Nevins,English,Korean
Were,English,Chinese
Forbes,English,Dutch
Newbury,English,Korean
Albrighton,English,English
Tisdall,English,Greek
Rhys,English,Chinese
Mullins,English,Korean
Bellamy,English,Korean
Pomeroy,English,Dutch
Redhead,English,Vietnamese
Malone,English,Korean
Woodford,English,Korean
Harvey,English,Korean
Ernest,English,Dutch
Isherwood,English,Dutch
Ormond,English,Korean
Staff,English,Chinese
Weeks,English,Chinese
Rayner,English,Dutch
Mcintosh,English,Vietnamese
Lois,English,Chinese
Schmidt,English,Vietnamese
Mcmanus,English,Vietnamese
Wilkinson,English,English
Waring,English,Vietnamese
Broomfield,English,Korean
Fagon,English,Chinese
Storr,English,Chinese
Deegan,English,Vietnamese
Said,English,Chinese
Kenworthy,English,Dutch
Aird,English,Chinese
Greer,English,Chinese
Hodkinson,English,English
Furey,English,Chinese
Geary,English,Chinese
Prince,English,Korean
Eastwood,English,Greek
Wheeler,English,Dutch
Kearsley,English,Korean
Vince,English,Chinese
Drysdale,English,Korean
Dolcy,English,Chinese
Joseph,English,Vietnamese
Vale,English,Chinese
Cross,English,Chinese
Rippin,English,Korean
Farrelly,English,Korean
Sims,English,Chinese
Hutchings,English,Vietnamese
Maughan,English,Vietnamese
Deane,English,Chinese
Rugg,English,Chinese
Gauntlett,English,French
Elms,English,Chinese
Colman,English,Vietnamese
Patten,English,Dutch
Epton,English,Chinese
Hoyle,English,Chinese
Bright,English,Vietnamese
Fitzpatrick,English,Korean
Lonsdale,English,Korean
Smyth,English,Chinese
Keeley,English,Korean
Kent,English,Chinese
Bate,English,Chinese
Atherstone,English,Dutch
Jarratt,English,Korean
Nourse,English,Korean
Good,English,Chinese
Dumont,English,Korean
Cornock,English,Korean
Sadler,English,Dutch
Ocallaghan,English,Vietnamese
Nelms,English,Chinese
Pounder,English,Dutch
Helley,English,Korean
Warriner,English,Dutch
Sellers,English,Dutch
Girling,English,Vietnamese
Simms,English,Chinese
Ramsay,English,Korean
Elfman,English,Vietnamese
Astbury,English,Korean
Maloney,English,Korean
Pender,English,Dutch
Woolnough,English,Vietnamese
Kearns,English,Korean
Fenn,English,Chinese
Farmer,English,Dutch
Westlake,English,Dutch
Ravenscroft,English,Dutch
Davison,English,English
Tierney,English,Dutch
Gaffney,English,Korean
Oswald,English,Korean
Mill,English,Chinese
Mccall,English,Korean
Robertson,English,Dutch
Wardle,English,Korean
Hickman,English,Vietnamese
Woodley,English,Korean
Ashley,English,Vietnamese
Crowther,English,Dutch
Feeney,English,Dutch
Bernard,English,Dutch
Given,English,Chinese
Collingwood,English,Vietnamese
Jerome,English,Dutch
Hawker,English,Dutch
John,English,Chinese
Keefe,English,Chinese
King,English,Chinese
Kinnersley,English,Dutch
Griffith,English,Vietnamese
Vinny,English,Chinese
Oldham,English,Vietnamese
Robson,English,English
Trafford,English,Korean
Platt,English,Chinese
Mace,English,Chinese
Frary,English,Chinese
Openshaw,English,Dutch
Corlett,English,French
Houston,English,English
Brewer,English,Dutch
Dover,English,Chinese
Imran,English,Chinese
Kerrighen,English,Dutch
Creasey,English,Greek
Kirtley,English,Korean
Chadwick,English,Vietnamese
Addison,English,English
Skipper,English,Dutch
Tamber,English,Dutch
Frankish,English,Greek
Parrott,English,Korean
Khalil,English,Vietnamese
Holland,English,Vietnamese
Couch,English,Chinese
Fortin,English,Korean
Howe,English,Chinese
Hoult,English,Chinese
Henry,English,Chinese
Swanson,English,English
Pavot,English,Chinese
Godden,English,Dutch
Derrick,English,Dutch
Torney,English,Korean
Allcock,English,Korean
Millett,English,French
Gaskell,English,Greek
Gillett,English,French
Pelling,English,Vietnamese
Gillies,English,Dutch
Cochrane,English,Vietnamese
Parkinson,English,English
Etheridge,English,Dutch
Wilkin,English,Korean
Chambers,English,Dutch
Healey,English,Korean
Trevor,English,Korean
Doyle,English,Chinese
Corr,English,Chinese
Drake,English,Chinese
Thake,English,Chinese
Downer,English,Dutch
Aldren,English,Dutch
Deans,English,Chinese
Dickinson,English,English
Britton,English,English
Kirkpatrick,English,Korean
Denney,English,Dutch
Halstead,English,Korean
Froy,English,Chinese
Sturgess,English,Dutch
Chamberlain,English,Dutch
Southgate,English,Vietnamese
Philpott,English,Vietnamese
Ahern,English,Chinese
Killeen,English,Dutch
Pugh,English,Chinese
Fairchild,English,Vietnamese
Rumsey,English,Korean
Mathews,English,Vietnamese
Newland,English,Vietnamese
Alexander,English,Dutch
Cox,English,Chinese
Baird,English,Chinese
Elder,English,Chinese
Elven,English,Chinese
Thistlethwaite,English,French
Ellison,English,English
Coffey,English,Korean
Yeardsley,English,Korean
Needham,English,Vietnamese
Copeland,English,Vietnamese
Reddy,English,Chinese
Stedman,English,Vietnamese
Titterington,English,Dutch
Wain,English,Chinese
Antram,English,Korean
Auberton,English,Dutch
Stevenson,English,Dutch
Warren,English,Dutch
Earle,English,Chinese
Keal,English,Chinese
May,English,Chinese
Kelland,English,Vietnamese
Oflynn,English,Korean
Haines,English,Dutch
Griff,English,Chinese
Rhoades,English,Dutch
Clements,English,Dutch
Welch,English,Chinese
Gold,English,Chinese
Rousset,English,French
Oman,English,Chinese
Grosvenor,English,Dutch
Corcoran,English,Vietnamese
Lowry,English,Chinese
Randle,English,Vietnamese
Joyce,English,Chinese
Yabsley,English,Korean
Perrin,English,Dutch
Pereira,English,Dutch
Keywood,English,Korean
David,English,Chinese
Boland,English,Vietnamese
Rumbold,English,Korean
Edgson,English,English
Lennox,English,Dutch
Yarwood,English,Korean
Olley,English,Chinese
Shields,English,Vietnamese
Harwood,English,Korean
Hocking,English,Vietnamese
Tohill,English,Vietnamese
Goldman,English,Vietnamese
Anley,English,Chinese
Duncan,English,Vietnamese
Eckersley,English,Dutch
Valentine,English,Dutch
Pedley,English,Korean
Barron,English,Korean
Horne,English,Chinese
Munro,English,Italian
Ferdinand,English,Dutch
Gaumont,English,Korean
Moorhouse,English,Vietnamese
Boden,English,Chinese
Keelan,English,Vietnamese
Bolton,English,English
Aspin,English,Chinese
Jiggens,English,Dutch
Mccormack,English,Korean
Shannon,English,Vietnamese
Gammer,English,Dutch
Bevan,English,Chinese
Hooper,English,Dutch
Gordon,English,Korean
South,English,Chinese
Kristensen,English,Dutch
Errity,English,Korean
Tolley,English,Korean
Oaks,English,Chinese
Powis,English,Chinese
Curley,English,Korean
Richmond,English,Czech
Lame,English,Chinese
West,English,Chinese
Foxley,English,Korean
Thurbon,English,Vietnamese
Gerard,English,Dutch
Ferry,English,Chinese
Thornhill,English,Vietnamese
Adair,English,Chinese
Hedley,English,Korean
Twigg,English,Chinese
Fearon,English,Korean
Perez,English,Chinese
Uddin,English,Chinese
Inglefield,English,Vietnamese
Unwin,English,Chinese
Levann,English,Vietnamese
Kempson,English,English
Espley,English,Korean
Withers,English,Dutch
Woodcock,English,Korean
Panesar,English,Dutch
Dell,English,Chinese
Kershaw,English,Dutch
Harley,English,Korean
Buckingham,English,Vietnamese
Spence,English,Dutch
Montgomery,English,Dutch
Lee,English,Chinese
Penfold,English,Dutch
Gerrard,English,Dutch
Blake,English,Chinese
Pullen,English,Dutch
Vollans,English,Vietnamese
Kettell,English,French
Llewellyn,English,Korean
Rosso,English,Italian
Potts,English,Chinese
Cleaver,English,Dutch
Aitken,English,Dutch
Baker,English,Chinese
Weller,English,Dutch
Danby,English,Chinese
Jowett,English,French
Calveley,English,Korean
Ashman,English,Vietnamese
Vinicombe,English,Korean
Coomber,English,Dutch
Routledge,English,Vietnamese
Haworth,English,Vietnamese
Burdett,English,French
Whittaker,English,Dutch
Pinner,English,Dutch
Fordham,English,Vietnamese
Rawsthorne,English,Vietnamese
Alldritt,English,Korean
Haigh,English,Chinese
Yang,English,Chinese
Vikers,English,Dutch
Currie,English,Korean
Clayton,English,English
Edwards,English,Korean
Davis,English,Chinese
Longworth,English,Vietnamese
Abraham,English,Vietnamese
Vinton,English,English
Elvin,English,Chinese
Bassett,English,French
Wiseman,English,Greek
Berry,English,Chinese
Partington,English,English
Ellans,English,Vietnamese
Galvin,English,Korean
Browning,English,Vietnamese
Holgate,English,Vietnamese
Bond,English,Chinese
Walker,English,Dutch
Aylott,English,Korean
Easterbrook,English,Dutch
Webster,English,Dutch
Goble,English,Chinese
Ironmonger,English,Dutch
Oddie,English,Chinese
Treble,English,Korean
Wilcox,English,Korean
Wakeford,English,Korean
Damon,English,Chinese
Hardwick,English,Korean
Drain,English,Chinese
Allam,English,Chinese
Eglan,English,Chinese
Bloggs,English,Vietnamese
Fellmen,English,Dutch
Jewett,English,French
Wood,English,Chinese
Tomlin,English,Korean
Barrow,English,Korean
Salisbury,English,Greek
Spencer,English,Dutch
Devaney,English,Vietnamese
Tweddle,English,Korean
Thonon,English,Vietnamese
Skelton,English,English
Saleh,English,Chinese
Fleetwood,English,French
Wiltshire,English,Vietnamese
Jewitt,English,Korean
Hartley,English,Korean
Tindall,English,Korean
Wilson,English,English
Doon,English,Chinese
Wells,English,Chinese
Readman,English,Vietnamese
Maddocks,English,Korean
Nash,English,Chinese
Powell,English,Korean
Yasmin,English,Greek
Stack,English,Chinese
Alvey,English,Chinese
Bull,English,Chinese
Stout,English,Chinese
Barnes,English,Dutch
Mac,English,Chinese
Virgo,English,Italian
Attard,English,Korean
Gooding,English,Vietnamese
Goodridge,English,Vietnamese
Firth,English,Chinese
Cousins,English,Korean
Maxwell,English,Korean
Cottrell,English,Korean
Ricketts,English,French
Jonhson,English,English
Harden,English,Dutch
Meadows,English,Korean
Olding,English,Vietnamese
Depp,English,Chinese
Hulme,English,Chinese
Winn,English,Chinese
Cotter,English,Dutch
Forester,English,Dutch
Perowne,English,Dutch
Fairlie,English,Korean
Provan,English,Vietnamese
Eaves,English,Chinese
Crisp,English,Chinese
Laws,English,Chinese
Arscott,English,Korean
Burgess,English,Dutch
Gibb,English,Chinese
Rushbrooke,English,Vietnamese
Watson,English,English
Kingsley,English,Vietnamese
Dunlop,English,Korean
Porter,English,Dutch
Betts,English,Chinese
Cowley,English,Korean
Lambton,English,English
Rooney,English,Korean
Watt,English,Chinese
Alber,English,Chinese
Littlewood,English,Korean
Alexandar,English,Vietnamese
Hyde,English,Chinese
Addley,English,Korean
Lange,English,Chinese
Ahmed,English,Chinese
Coyle,English,Chinese
Daniells,English,Vietnamese
Wyatt,English,Chinese
Gibbons,English,Korean
Dixon,English,Chinese
Roberts,English,Dutch
Topp,English,Chinese
Broadley,English,Korean
Shelton,English,English
Lennon,English,Dutch
Anton,English,Chinese
Mclellan,English,Vietnamese
Rosenbloom,English,Dutch
Wong,English,Chinese
Rowson,English,English
Lyes,English,Chinese
Burton,English,English
Doughty,English,Vietnamese
Elworthy,English,Vietnamese
Obrien,English,Dutch
Roscoe,English,Korean
Earley,English,Korean
Ewing,English,Chinese
Jewell,English,Korean
Goldsmith,English,Vietnamese
Elliston,English,English
Tansey,English,Vietnamese
Grogan,English,Vietnamese
Artliff,English,Korean
Wall,English,Chinese
Croft,English,Chinese
Connolly,English,Korean
Procter,English,Dutch
Peal,English,Chinese
Pick,English,Chinese
Mahoney,English,Vietnamese
Viner,English,Chinese
Whitmore,English,Vietnamese
Weir,English,Chinese
Jefferson,English,Dutch
Harries,English,Dutch
Dooley,English,Korean
Sargent,English,Dutch
Pickersgill,English,Dutch
Kett,English,Chinese
Gadsden,English,Dutch
Keane,English,Chinese
Childs,English,Vietnamese
Garcia,English,Korean
Hopes,English,Chinese
Eldeston,English,Dutch
Kinnear,English,Korean
Strickland,English,Vietnamese
Neyland,English,Vietnamese
Dolton,English,English
Rogers,English,Dutch
Kamara,English,Japanese
Isnard,English,Korean
Killock,English,Korean
Nessbert,English,Dutch
Chatterton,English,Dutch
French,English,Dutch
Janes,English,Chinese
Austin,English,Korean
Frazer,English,Dutch
Avis,English,Chinese
Gemmell,English,Korean
Easton,English,English
Hume,English,Chinese
Brandrick,English,Vietnamese
Harris,English,Greek
Kinchin,English,Vietnamese
Gaynor,English,Korean
Wareing,English,Vietnamese
Pagan,English,Chinese
Pinder,English,Dutch
Alves,English,Chinese
Core,English,Chinese
Corrigan,English,Vietnamese
Findlay,English,Korean
Laverick,English,Dutch
Brown,English,Chinese
Darcy,English,Chinese
Flannery,English,Dutch
Kenrick,English,Dutch
Desrosiers,French,Dutch
Chaput,French,Vietnamese
De sauveterre,French,Dutch
Bonnay,French,Korean
Pan,French,Chinese
Bonheur,French,Vietnamese
Abel,French,Chinese
St pierre,French,Dutch
Perrault,French,Dutch
Paul,French,Chinese
Lebeau,French,French
Gage,French,Chinese
Adam,French,Chinese
Gosse,French,Chinese
Chevrolet,French,French
Perreault,French,Dutch
Michel,French,Czech
Plamondon,French,Korean
Comtois,French,Greek
Beaulieu,French,French
Couture,French,Korean
Blanchett,French,French
Gagnier,French,Dutch
Blanc,French,Chinese
Pape,French,Chinese
Favreau,French,French
Samuel,French,Korean
Royer,French,Chinese
Brodeur,French,Korean
Paget,French,Chinese
Lemaire,French,Korean
Beauchene,French,Dutch
Samson,French,English
Desrochers,French,Dutch
Belrose,French,Korean
Coté,French,Spanish
Bellerose,French,Dutch
Bellamy,French,Korean
Moreau,French,French
Granger,French,Dutch
Parris,French,Greek
Bélanger,French,Spanish
Bonhomme,French,Vietnamese
Freudenberger,German,Dutch
Everhart,German,Dutch
Knepp,German,Chinese
Sponaugle,German,Vietnamese
Schermer,German,Dutch
Haber,German,Chinese
Sitz,German,Chinese
Fuhrmann,German,Vietnamese
Stroman,German,Vietnamese
Meyer,German,Chinese
Reuter,German,Dutch
Raskop,German,Greek
Kunkel,German,Korean
Peter,German,Chinese
Schröder,German,Dutch
Wendell,German,Dutch
Groos,German,Chinese
Wiegand,German,Vietnamese
Carver,German,Dutch
Kiefer,German,Dutch
Oppenheimer,German,Dutch
Morgenstern,German,Dutch
Wruck,German,Chinese
Geiszler,German,Dutch
Schmitz,German,Vietnamese
Kröger,German,Dutch
Weiss,German,Chinese
Switzer,German,Dutch
Stoppelbein,German,Korean
Heinrich,German,Czech
Von wegberg,German,Dutch
Larenz,German,Dutch
Meindl,German,Korean
Steuben,German,Dutch
Hass,German,Chinese
Schrader,German,Dutch
Beckenbauer,German,Dutch
Brotz,German,Chinese
Halle,German,Chinese
Bäcker,German,Dutch
Van tonder,German,Dutch
Hoch,German,Chinese
Groß,German,Chinese
Kraus,German,Chinese
Hintzen,German,Dutch
Loewe,German,Chinese
Dürr,German,Spanish
Kistner,German,Dutch
Janson,German,English
Dreher,German,Dutch
Geisler,German,Dutch
Kerner,German,Dutch
Raske,German,Chinese
Seelenfreund,German,Dutch
Hummel,German,Korean
Simmon,German,Korean
Bohn,German,Chinese
Sitz,German,Chinese
Geiger,German,Dutch
Jung,German,Chinese
Fürst,German,Spanish
Jund,German,Chinese
Markwardt,German,Korean
Mendel,German,Dutch
Buckholtz,German,Vietnamese
Dieter,German,Dutch
Kramer,German,Dutch
Foerstner,German,Dutch
West,German,Chinese
Winther,German,Dutch
Neumann,German,Vietnamese
Hellewege,German,Vietnamese
Marquerink,German,Dutch
Simons,German,Korean
Hausler,German,Dutch
Gerver,German,Dutch
Dunst,German,Chinese
Wolter,German,Dutch
Goebel,German,Korean
Junge,German,Chinese
Großer,German,Dutch
Schäfer,German,Dutch
Lafrentz,German,Dutch
Kock,German,Chinese
Koenigsmann,German,Dutch
Meisner,German,Dutch
Berger,German,Dutch
Becke,German,Chinese
Voigt,German,Chinese
Wähner,German,Dutch
Kauffmann,German,Vietnamese
Hildebrand,German,Vietnamese
Kruse,German,Chinese
Kruse,German,Chinese
Mohren,German,Dutch
Riese,German,Chinese
Garb,German,Chinese
Martin,German,Korean
Schroeder,German,Dutch
Waldvogel,German,Vietnamese
Katz,German,Chinese
Siegel,German,Vietnamese
Nuremberg,German,Dutch
Siegel,German,Vietnamese
Schuchert,German,Dutch
Mendelssohn,German,Dutch
Kerwer,German,Dutch
Böttcher,German,Dutch
Wegener,German,Dutch
Gotti,German,Chinese
Spyridis,Greek,Greek
Pantelas,Greek,Greek
Vamvakidis,Greek,Japanese
Hagias,Greek,Greek
Eliopoulos,Greek,Korean
Mentis,Greek,Dutch
Milionis,Greek,Italian
Pezos,Greek,Chinese
Banos,Greek,Chinese
Antipas,Greek,Greek
Vourlis,Greek,Greek
Strilakos,Greek,Korean
Nikolaou,Greek,Korean
Antoniadis,Greek,English
Rousses,Greek,Dutch
Papadelias,Greek,Greek
Horiatis,Greek,Greek
Sfakianos,Greek,Japanese
Kokkali,Greek,Korean
Sakellariou,Greek,Korean
Stroggylis,Greek,Greek
Kouches,Greek,Dutch
Panayiotopoulos,Greek,Vietnamese
Antonopoulos,Greek,English
Houlis,Greek,Greek
Dounias,Greek,Greek
Polymenakou,Greek,Dutch
Koustoubos,Greek,Korean
Adamou,Greek,Korean
Comino,Greek,Italian
Akrivopoulos,Greek,Korean
O'Hara,Irish,Japanese
Naoimhin,Irish,Vietnamese
O'Byrne,Irish,Irish
O'Hare,Irish,Irish
Fergus,Irish,Dutch
O'Connor,Irish,Irish
Sluaghadhan,Irish,Vietnamese
Madden,Irish,Dutch
Casey,Irish,Chinese
Dubhain,Irish,Vietnamese
Tadhgan,Irish,Vietnamese
Ciardha,Irish,Vietnamese
Ahearn,Irish,Vietnamese
Kelly,Irish,Chinese
O'Sullivan,Irish,Irish
O'Loughlin,Irish,Irish
Damhain,Irish,Vietnamese
Whelan,Irish,Vietnamese
Monahan,Irish,Vietnamese
O'Connell,Irish,Irish
Mooney,Irish,Korean
O'Boyle,Irish,Irish
Rory,Irish,Chinese
Aonghuis,Irish,Greek
Sullivan,Irish,Vietnamese
Mohan,Irish,Chinese
Conchobhar,Irish,Vietnamese
Ruadhan,Irish,Vietnamese
Names,Irish,Chinese
Colman,Irish,Vietnamese
Macdermott,Irish,Dutch
Nuallan,Irish,Vietnamese
Ivor,Irish,Chinese
Donndubhan,Irish,Vietnamese
Tracey,Irish,Korean
Kennedy,Irish,Dutch
Tosetti,Italian,French
Parodi,Italian,Korean
Pontecorvo,Italian,Italian
Ragno,Italian,Italian
Abelli,Italian,Korean
Sparacello,Italian,Italian
Baggi,Italian,Chinese
Benetton,Italian,Dutch
De filippis,Italian,Italian
Aconi,Italian,Chinese
Accorso,Italian,Italian
Trapani,Italian,Vietnamese
Nicchi,Italian,Vietnamese
Traversi,Italian,Dutch
Sciacca,Italian,Korean
Baggio,Italian,Italian
Belmonte,Italian,Korean
Giunta,Italian,Korean
Bondesan,Italian,Dutch
Corvi,Italian,Chinese
Landi,Italian,Chinese
Aldebrandi,Italian,Vietnamese
Capello,Italian,Italian
Laganà,Italian,Vietnamese
Provenzano,Italian,Italian
Valenti,Italian,Dutch
Bruno,Italian,Italian
Bergamaschi,Italian,Dutch
Gagliardi,Italian,Vietnamese
Di antonio,Italian,Italian
De campo,Italian,Italian
Campana,Italian,Vietnamese
Guerra,Italian,Dutch
Napoletani,Italian,French
Merlo,Italian,Italian
Monti,Italian,Chinese
Bove,Italian,Chinese
Abbatelli,Italian,Korean
Masin,Italian,Chinese
Bosco,Italian,Italian
Cremona,Italian,Korean
Piovene,Italian,Dutch
Farro,Italian,Italian
Ferrari,Italian,Dutch
Como,Italian,Italian
Borghi,Italian,Vietnamese
Brunetti,Italian,French
Brambani,Italian,Vietnamese
Profeta,Italian,French
Ongaro,Italian,Italian
Adami,Italian,Chinese
Fierro,Italian,Italian
Alderisi,Italian,Dutch
Antonini,Italian,English
Motta,Italian,Chinese
Sinagra,Italian,Vietnamese
Adessi,Italian,Dutch
Alfero,Italian,Italian
Ganza,Italian,Chinese
Nisi,Italian,Chinese
Abbadelli,Italian,Korean
Fonda,Italian,Chinese
Turchi,Italian,Vietnamese
Palmisano,Italian,Italian
Taverna,Italian,Dutch
Silvestri,Italian,Dutch
Adriatico,Italian,Italian
Neroni,Italian,Dutch
Zanetti,Italian,French
Battaglia,Italian,Vietnamese
Accursio,Italian,Italian
Morello,Italian,Italian
Guerriero,Italian,Italian
Vaccaro,Italian,Italian
Gimondi,Italian,Korean
Scotti,Italian,Korean
Abbà,Italian,Chinese
Riva,Italian,Chinese
Verona,Italian,Dutch
Episcopo,Italian,Italian
Mancuso,Italian,Italian
Brambilla,Italian,Korean
Gismondi,Italian,Greek
Aquino,Italian,Italian
Agresta,Italian,Dutch
Boveri,Italian,Dutch
Armani,Italian,Vietnamese
Baldini,Italian,Korean
Sanna,Italian,Chinese
Gaspari,Italian,Greek
Anselmi,Italian,Korean
Savona,Italian,Korean
Grimaldi,Italian,Korean
Boerio,Italian,Italian
Nani,Italian,Chinese
Abbiati,Italian,Korean
Barbieri,Italian,Dutch
Nicolai,Italian,Korean
Naggia,Italian,Vietnamese
Maria,Italian,Chinese
Locatelli,Italian,Korean
Naldi,Italian,Chinese
Abramo,Italian,Italian
Idoni,Italian,Chinese
Tafani,Italian,Vietnamese
Cola,Italian,Chinese
Ferro,Italian,Italian
Yanagita,Japanese,Vietnamese
Sonoda,Japanese,Korean
Kira,Japanese,Chinese
Moriguchi,Japanese,Vietnamese
Asahara,Japanese,Japanese
Maruya,Japanese,Korean
Imada,Japanese,Chinese
Kudo,Japanese,Italian
Ariwa,Japanese,Chinese
Fukunaka,Japanese,Japanese
Suzambo,Japanese,Italian
Hara,Japanese,Japanese
Kono,Japanese,Italian
Hishikawa,Japanese,Japanese
Shigi,Japanese,Chinese
Wakatsuki,Japanese,Japanese
Gakusha,Japanese,Vietnamese
Ise,Japanese,Chinese
Kate,Japanese,Chinese
Goto,Japanese,Italian
Nozaki,Japanese,Japanese
Nogi,Japanese,Chinese
Hosokaya,Japanese,Korean
Takashita,Japanese,Greek
Genji,Japanese,Chinese
Chishu,Japanese,Greek
Arishima,Japanese,Greek
Umehara,Japanese,Japanese
Suzuki,Japanese,Korean
Hagino,Japanese,Italian
Kimio,Japanese,Italian
Iwasaki,Japanese,Japanese
Yoshida,Japanese,Japanese
Shunsen,Japanese,Dutch
Kunomasu,Japanese,Greek
Tsushima,Japanese,Vietnamese
Shimohira,Japanese,Vietnamese
Hiroyuki,Japanese,Korean
Fumihiko,Japanese,Italian
Horigome,Japanese,Vietnamese
Onoe,Japanese,Chinese
Sasaki,Japanese,Japanese
Tokuoka,Japanese,Korean
Fukuzawa,Japanese,Korean
Hitomi,Japanese,Korean
Itagaki,Japanese,Japanese
Kitagawa,Japanese,Vietnamese
Abukara,Japanese,Japanese
Kurogane,Japanese,Vietnamese
Hiraga,Japanese,Vietnamese
Kondo,Japanese,Italian
Uboshita,Japanese,Japanese
Kihara,Japanese,Japanese
Fuchida,Japanese,Vietnamese
Ishibashi,Japanese,Greek
Iitaka,Japanese,Korean
Komura,Japanese,Korean
Yamura,Japanese,Korean
Hiraoka,Japanese,Korean
Tsunoda,Japanese,Korean
Enomoto,Japanese,Italian
Nakamoto,Japanese,Italian
Kakutama,Japanese,Korean
Fukao,Japanese,Italian
Kuwabara,Japanese,Japanese
Nakada,Japanese,Korean
Yamaoka,Japanese,Korean
Nishimoto,Japanese,Italian
Marusa,Japanese,Korean
Takizawa,Japanese,Japanese
Obinata,Japanese,Korean
Ijichi,Japanese,Czech
Shiomi,Japanese,Vietnamese
Abe,Japanese,Chinese
Miwa,Japanese,Chinese
Sakagami,Japanese,Vietnamese
Sakiyurai,Japanese,Japanese
Kojima,Japanese,Korean
Kikuchi,Japanese,Vietnamese
Kinoshita,Japanese,Japanese
Okubo,Japanese,Italian
Haruguchi,Japanese,Vietnamese
Mushanaokoji,Japanese,Vietnamese
Okasawa,Japanese,Greek
Ishimaru,Japanese,Vietnamese
Toshishai,Japanese,Japanese
Mitsui,Japanese,Japanese
Sassa,Japanese,Chinese
Sunada,Japanese,Korean
Shiotani,Japanese,Vietnamese
Ko,Japanese,Italian
Muraguchi,Japanese,Vietnamese
Sarumara,Japanese,Japanese
Saji,Japanese,Chinese
Ibu,Japanese,Chinese
Kitamura,Japanese,Korean
Yoshifumi,Japanese,Japanese
Matsuo,Japanese,Japanese
Natsume,Japanese,Japanese
Toyoda,Japanese,Korean
Ayugai,Japanese,Vietnamese
Harada,Japanese,Japanese
Handa,Japanese,Chinese
Bando,Japanese,Italian
Terauchi,Japanese,Dutch
Kataoka,Japanese,Korean
Date,Japanese,Chinese
Obuchi,Japanese,Vietnamese
Nishimuraya,Japanese,Greek
Tsuchie,Japanese,Vietnamese
Fukumitsu,Japanese,Japanese
Asano,Japanese,Italian
Funaki,Japanese,Japanese
Marubeni,Japanese,Dutch
Nakahara,Japanese,Japanese
Nosaka,Japanese,Korean
Ibuka,Japanese,Chinese
Murase,Japanese,Greek
Shobo,Japanese,Italian
Takamura,Japanese,Korean
Shimura,Japanese,Vietnamese
Kurata,Japanese,Korean
Nagatsuka,Japanese,Japanese
Kawasaki,Japanese,Japanese
Inoue,Japanese,Chinese
Tokuda,Japanese,Korean
Masaoka,Japanese,Greek
Konda,Japanese,Chinese
Mizumaki,Japanese,Japanese
Sada,Japanese,Chinese
Tsucgimoto,Japanese,Italian
Minami,Japanese,Korean
Kunikida,Japanese,Korean
Shiga,Japanese,Chinese
Toru,Japanese,Chinese
Yoshikawa,Japanese,Japanese
Miyagi,Japanese,Vietnamese
Kanagaki,Japanese,Japanese
Baba,Japanese,Chinese
Honda,Japanese,Chinese
Terada,Japanese,Dutch
Kimura,Japanese,Korean
Gensai,Japanese,Dutch
Doi,Japanese,Chinese
Inaba,Japanese,Chinese
Kaima,Japanese,Chinese
Ushiba,Japanese,Vietnamese
Hachirobei,Japanese,Vietnamese
Shiroyama,Japanese,Vietnamese
Takayama,Japanese,Korean
Ryom,Korean,Chinese
Si,Korean,Chinese
Yu,Korean,Chinese
Kwang,Korean,Chinese
Cho,Korean,Italian
Chong,Korean,Chinese
Sook,Korean,Chinese
Choe,Korean,Chinese
Pae,Korean,Chinese
Sin,Korean,Chinese
Jung,Korean,Chinese
Li,Korean,Chinese
Yang,Korean,Chinese
Sung,Korean,Chinese
Byon,Korean,Chinese
Adamczyk,Polish,Korean
Sokolowski,Polish,Korean
Jedynak,Polish,Korean
Sokal,Polish,Chinese
Sówka,Polish,Spanish
Pakulski,Polish,Korean
Stolarz,Polish,Korean
Piontek,Polish,Korean
Wiater,Polish,Dutch
Winogrodzki,Polish,Vietnamese
Zientek,Polish,Dutch
Pokorny,Polish,Korean
Kowalski,Polish,Korean
Gajos,Polish,Chinese
Jaskolski,Polish,Greek
Kumiega,Polish,Vietnamese
Skala,Polish,Chinese
Lawniczak,Polish,Korean
Fabian,Polish,Vietnamese
Zielinski,Polish,Italian
Mikolajczak,Polish,Korean
Broż,Polish,Chinese
Henriques,Portuguese,Dutch
Melo,Portuguese,Italian
Paredes,Portuguese,Dutch
Pereira,Portuguese,Dutch
Ventura,Portuguese,Dutch
Serafim,Portuguese,Dutch
Freitas,Portuguese,Greek
Delgado,Portuguese,Italian
Franco,Portuguese,Italian
Torres,Portuguese,Dutch
Belo,Portuguese,Italian
Vargas,Portuguese,Greek
Zhivilo,Russian,Italian
Uhtomsky,Russian,Vietnamese
Holyavin,Russian,Korean
Baram,Russian,Japanese
Aivazovski,Russian,Korean
Fadyaev,Russian,Korean
Jagujinsky,Russian,Vietnamese
Zenger,Russian,Dutch
Abarinoff,Russian,Korean
Babenyshev,Russian,Dutch
Mindiashvili,Russian,Italian
Yudelevich,Russian,Czech
Lysihin,Russian,Vietnamese
Bakadorov,Russian,Korean
Baisak,Russian,Greek
Shenfer,Russian,Dutch
Grandberg,Russian,Dutch
Jigailov,Russian,Vietnamese
Daursky,Russian,Korean
Zelenin,Russian,Dutch
Mikhelson,Russian,English
Nezavitin,Russian,Korean
Truchanow,Russian,Vietnamese
Tsei,Russian,Chinese
Emelianenko,Russian,Italian
Esmansky,Russian,Vietnamese
Behteev,Russian,Vietnamese
Almyashkin,Russian,Greek
Divavin,Russian,Korean
Talapa,Russian,Korean
Eidelman,Russian,Vietnamese
Molorodov,Russian,Korean
Cheryshev,Russian,Dutch
Javoronsky,Russian,Korean
Uhin,Russian,Chinese
Bakhir,Russian,Vietnamese
Rekitar,Russian,Japanese
Bakurov,Russian,Korean
Pavlinov,Russian,Korean
Likhanov,Russian,Vietnamese
Abalov,Russian,Korean
Prikazchikov,Russian,Vietnamese
Fazilov,Russian,Korean
Biryulev,Russian,Korean
Dzhemal,Russian,Vietnamese
Hatukaev,Russian,Korean
Shadkhan,Russian,Vietnamese
Shening,Russian,Dutch
Musatov,Russian,Korean
Zitserman,Russian,Dutch
Muzhitskikh,Russian,Vietnamese
Abramyan,Russian,Vietnamese
Vilenchik,Russian,Dutch
Judkov,Russian,Korean
Livadny,Russian,Korean
Halevin,Russian,Korean
Abrashitov,Russian,Greek
Awhimowich,Russian,Czech
V'Yun,Russian,Chinese
Mingrelsky,Russian,Vietnamese
Valikov,Russian,Korean
Grushinsky,Russian,Vietnamese
Zinoviev,Russian,Korean
Meshkovsky,Russian,Dutch
Hatkevich,Russian,Czech
Yuzvikov,Russian,Korean
Kallash,Russian,Greek
Vilkov,Russian,Korean
Zelenenkov,Russian,Dutch
Babloev,Russian,Korean
Pogosyan,Russian,Vietnamese
Minitsky,Russian,Korean
Derkachenko,Russian,Italian
Enner,Russian,Chinese
Chikulaev,Russian,Vietnamese
Tihomirov,Russian,Vietnamese
Zhidkin,Russian,Vietnamese
Togunov,Russian,Vietnamese
Engalychev,Russian,Vietnamese
Chukhadzhyan,Russian,Vietnamese
Nizhinsky,Russian,Vietnamese
Versan,Russian,Dutch
Kabjihov,Russian,Vietnamese
Tulebaev,Russian,Korean
Pecheritsa,Russian,Dutch
Janowich,Russian,Czech
Prigozhy,Russian,Vietnamese
Martynov,Russian,Korean
Finkel,Russian,Korean
Gorsky,Russian,Korean
Rukhtoev,Russian,Vietnamese
Yablonovsky,Russian,Korean
Nazarko,Russian,Italian
Tzarenko,Russian,Italian
Albats,Russian,Korean
Emelyantsev,Russian,Vietnamese
Tzaizer,Russian,Dutch
Jadrennikov,Russian,Dutch
Zhemukhov,Russian,Vietnamese
Holyuchenko,Russian,Italian
Eroschenko,Russian,Italian
Asylmuratov,Russian,Korean
Bavilin,Russian,Korean
Bakholdin,Russian,Vietnamese
Zhernakov,Russian,Dutch
Danilyuk,Russian,Vietnamese
Raikovsky,Russian,Korean
Porshenkov,Russian,Dutch
To The First Page,Russian,Vietnamese
Avagimov,Russian,Vietnamese
Dovgolevsky,Russian,Vietnamese
Mudrak,Russian,Korean
Rihman,Russian,Vietnamese
Gladysh,Russian,Vietnamese
Tropko,Russian,Italian
Javrid,Russian,Korean
Baka,Russian,Chinese
Durnovo,Russian,Italian
Yaklashkin,Russian,Greek
Sheludko,Russian,Italian
Zhdanovich,Russian,Czech
Zhuchenko,Russian,Italian
Peltsman,Russian,Vietnamese
Bajenoff,Russian,Dutch
Voznov,Russian,Korean
Guzei,Russian,Chinese
Zhalybin,Russian,Vietnamese
Rishitnik,Russian,Italian
Artobolevsky,Russian,Korean
Vertyankin,Russian,Dutch
Zhukov,Russian,Vietnamese
Vallah,Russian,Vietnamese
Zavodchikov,Russian,Vietnamese
Ustynyuk,Russian,Korean
Makunin,Russian,Korean
Ponafidin,Russian,Korean
Bazovski,Russian,Korean
Andrusiv,Russian,Korean
Yaikbaev,Russian,Korean
Chalovsky,Russian,Vietnamese
Avtonomov,Russian,English
Chanyshev,Russian,Vietnamese
Taldykin,Russian,Korean
Ustinovich,Russian,Czech
Tzelibeev,Russian,Korean
Vesninov,Russian,Dutch
Ajnikoff,Russian,Korean
Isachenko,Russian,Italian
Gorskikh,Russian,Vietnamese
Bereznikov,Russian,Dutch
Nyashin,Russian,Greek
Bakanoff,Russian,Vietnamese
Holmogorov,Russian,Vietnamese
Vagnyuk,Russian,Vietnamese
Avvakumoff,Russian,Korean
Eglevsky,Russian,Vietnamese
Otletov,Russian,French
Glasko,Russian,Italian
Mujdabaev,Russian,Korean
Abdulatipov,Russian,Korean
Gulenkov,Russian,Dutch
Turkin,Russian,Korean
Pochinkovsky,Russian,Vietnamese
Babich,Russian,Czech
Badanin,Russian,Vietnamese
Kabashkin,Russian,Greek
Holodkov,Russian,Korean
Mikhailychev,Russian,Vietnamese
Martynyuk,Russian,Korean
Dobreitser,Russian,Dutch
Balaban,Russian,Vietnamese
Djelepov,Russian,Korean
Yablonowsky,Russian,Korean
Virehovsky,Russian,Vietnamese
Rovnin,Russian,Korean
Vaitsehovsky,Russian,Vietnamese
Abbakumov,Russian,Korean
Mordovtsev,Russian,Korean
Ryzhak,Russian,Vietnamese
Zhaboev,Russian,Vietnamese
Zhabinsky,Russian,Vietnamese
Hamitov,Russian,Korean
Chekmasov,Russian,Greek
Jakovenko,Russian,Italian
Yablonsky,Russian,Korean
Hubiev,Russian,Korean
Awramtchik,Russian,Vietnamese
Tikhodeev,Russian,Vietnamese
Turchaninov,Russian,Vietnamese
Chuhraev,Russian,Vietnamese
Piskotin,Russian,Greek
Mlodik,Russian,Korean
Chevtzoff,Russian,Vietnamese
Jablonovsky,Russian,Korean
Birger,Russian,Dutch
Tsvelev,Russian,Korean
Shadura,Russian,Vietnamese
Agadzhanoff,Russian,Vietnamese
Davletgaraev,Russian,French
Gasymov,Russian,Greek
Awdyukoff,Russian,Korean
Tchanchikov,Russian,Vietnamese
Ryjikh,Russian,Vietnamese
Awerintsev,Russian,Dutch
Alianov,Russian,Vietnamese
Sakov,Russian,Chinese
Researcher,Russian,Dutch
Yahlakov,Russian,Vietnamese
Paradiz,Russian,Japanese
Antoshin,Russian,Japanese
Tcharykov,Russian,Vietnamese
Avtomovitch,Russian,Vietnamese
Govorun,Russian,Korean
Rotshild,Russian,Vietnamese
Rakhletzky,Russian,French
Jagubov,Russian,Vietnamese
Zelentsov,Russian,Dutch
Timirgazeev,Russian,Vietnamese
Nurov,Russian,Chinese
Ruzin,Russian,Chinese
Lezhenko,Russian,Italian
Tultsev,Russian,Korean
Onusaitis,Russian,Greek
Nezlin,Russian,Korean
Haradurov,Russian,Japanese
Filipchuk,Russian,Vietnamese
Nessler,Russian,Dutch
Evald,Russian,Chinese
Bahmetev,Russian,French
Sheludchenko,Russian,Italian
Alyrchikov,Russian,Vietnamese
Pokhis,Russian,Greek
Gafurov,Russian,Korean
Pokhvoschev,Russian,Vietnamese
Gudilin,Russian,Korean
Tzarenkov,Russian,Dutch
Tzarkov,Russian,Korean
Pliskanovsky,Russian,Greek
Djigarhanyan,Russian,Vietnamese
Yakuschenko,Russian,Italian
Halyuta,Russian,Korean
Shenkovets,Russian,Dutch
Prik,Russian,Chinese
Belchenko,Russian,Italian
Riga,Russian,Chinese
Abarinov,Russian,Korean
Jerebyatiev,Russian,Dutch
Taube,Russian,Chinese
Tihonkih,Russian,Vietnamese
Mahonin,Russian,Vietnamese
Gatiev,Russian,Korean
Abidov,Russian,Korean
Bazilevitch,Russian,Vietnamese
Chuhnov,Russian,Vietnamese
Nazarkin,Russian,Korean
Drozdov,Russian,Korean
Leimon,Russian,Korean
Pohlebkin,Russian,Vietnamese
Vaksman,Russian,Vietnamese
Zheltukhin,Russian,Vietnamese
Mukasey,Russian,Greek
Baibakoff,Russian,Korean
Virenius,Russian,Dutch
Birkenberg,Russian,Dutch
Jigmytov,Russian,Vietnamese
Lohmatikov,Russian,Vietnamese
Anisemenok,Russian,Dutch
Grushelevsky,Russian,Vietnamese
Shahbazyan,Russian,Vietnamese
Bagimoff,Russian,Vietnamese
Dzhamaldinov,Russian,Vietnamese
Elansky,Russian,Vietnamese
Jilyuk,Russian,Korean
Kachur,Russian,Vietnamese
Nizhegorodov,Russian,Vietnamese
Mnogogreshny,Russian,Dutch
Lezdinysh,Russian,Vietnamese
Zhamoido,Russian,Italian
Chehovich,Russian,Czech
Mihalychev,Russian,Vietnamese
Mahortov,Russian,Vietnamese
Dodonov,Russian,Korean
Katsis,Russian,Greek
Valyanov,Russian,Vietnamese
Otyaev,Russian,Korean
Otov,Russian,Chinese
Makhrov,Russian,Vietnamese
Neznamov,Russian,Korean
Jiboedov,Russian,Korean
Baidyuk,Russian,Korean
Elepov,Russian,Korean
Jurkin,Russian,Korean
Shalnev,Russian,Vietnamese
Babetoff,Russian,French
Avdievsky,Russian,Korean
Shadyev,Russian,Vietnamese
Rjeshotarsky,Russian,Dutch
Chuhlomin,Russian,Vietnamese
Abelsky,Russian,Korean
Harlanov,Russian,Vietnamese
Eremkin,Russian,Korean
Awanesyan,Russian,Dutch
Livanov,Russian,Vietnamese
Gleizer,Russian,Dutch
Agranovsky,Russian,Vietnamese
Penzin,Russian,Dutch
Hanjin,Russian,Vietnamese
Zhemaitis,Russian,Greek
Tseitlin,Russian,Korean
Chyrgal-Ool,Russian,Vietnamese
Chalykh,Russian,Vietnamese
Tselibeev,Russian,Korean
Vil,Russian,Chinese
Dogmarov,Russian,Vietnamese
Tropp,Russian,Chinese
Artemiev,Russian,Korean
Rutberg,Russian,Dutch
Chertok,Russian,Dutch
Avvakumov,Russian,Korean
Kalachov,Russian,Vietnamese
Jam,Russian,Chinese
Zhivaev,Russian,Vietnamese
Tzarsky,Russian,Korean
Shain,Russian,Chinese
Chekvin,Russian,Vietnamese
Isaakidis,Russian,Japanese
Marutenkov,Russian,Dutch
Yuhimuk,Russian,Vietnamese
Babkov,Russian,Korean
Nasedkin,Russian,Greek
Abdank-Kossovsky,Russian,Vietnamese
Rokhatsevich,Russian,Czech
Alferiev,Russian,Dutch
Talalai,Russian,Korean
Awtchinnikoff,Russian,Vietnamese
Luriya,Russian,Korean
Turaev,Russian,Korean
Zhuruli,Russian,Vietnamese
Ilyukhin,Russian,Vietnamese
Tikhin,Russian,Vietnamese
Shalov,Russian,Vietnamese
Zhdanov,Russian,Vietnamese
Tsapov,Russian,Korean
Jabsky,Russian,Korean
Adzhemov,Russian,Vietnamese
Davydenkov,Russian,Dutch
Djanumov,Russian,Vietnamese
Belohvostikov,Russian,Vietnamese
Turubanov,Russian,Vietnamese
Avturkhanov,Russian,Vietnamese
Bahmutsky,Russian,Vietnamese
Eizen,Russian,Chinese
Zinyuhin,Russian,Vietnamese
Zhalkovsky,Russian,Vietnamese
Belogolovkin,Russian,Vietnamese
Raikhelgauz,Russian,Vietnamese
Baidukoff,Russian,Korean
Avetisyan,Russian,French
Yudenkov,Russian,Dutch
Omelko,Russian,Italian
Limarov,Russian,Korean
Grusha,Russian,Vietnamese
Lystsov,Russian,Korean
Utulov,Russian,Korean
Zhuromsky,Russian,Vietnamese
Dzhaldzhireev,Russian,Vietnamese
Virvitsiotti,Russian,Italian
Vilyamovsky,Russian,Korean
Harmansky,Russian,Vietnamese
Jernosek,Russian,Dutch
Serednyakov,Russian,Dutch
Birentsveig,Russian,Dutch
Bektuganov,Russian,Vietnamese
Nakhamkin,Russian,Vietnamese
Vakitchev,Russian,Japanese
Zelent,Russian,Dutch
Galev,Russian,Chinese
Hitrun,Russian,Korean
Glukhonkov,Russian,Vietnamese
Abitoff,Russian,Korean
Avrov,Russian,Chinese
Dubrouski,Russian,Korean
Lihanov,Russian,Vietnamese
Divin,Russian,Chinese
Pridannikov,Russian,Vietnamese
Tsytovich,Russian,Czech
Tsval,Russian,Chinese
Lishansky,Russian,Greek
Chugaev,Russian,Vietnamese
Muzhdabaev,Russian,Vietnamese
Tumolsky,Russian,Korean
Maryashev,Russian,Greek
Chukhlov,Russian,Vietnamese
Chikhachev,Russian,Vietnamese
Tur,Russian,Chinese
Bagandaliev,Russian,Vietnamese
Dikolenko,Russian,Italian
Podsvirov,Russian,Korean
Veligorsky,Russian,Vietnamese
Averchev,Russian,Dutch
Polivoda,Russian,Korean
Tokunov,Russian,Korean
Agroskin,Russian,Vietnamese
Troepolsky,Russian,Korean
Isanin,Russian,Vietnamese
Aderihin,Russian,Dutch
Makferson,Russian,Dutch
Glubotsky,Russian,Korean
Esimontovsky,Russian,Korean
Eimontov,Russian,Korean
Fedosov,Russian,Korean
Matzievich,Russian,Czech
Tihov,Russian,Chinese
Govallo,Russian,Italian
Valiullin,Russian,Korean
Yushkevich,Russian,Czech
Haprov,Russian,Korean
Makhagonov,Russian,Vietnamese
Vyglovsky,Russian,Vietnamese
Yagujinsky,Russian,Vietnamese
Saifullin,Russian,Korean
Balanowski,Russian,Vietnamese
Paimuhin,Russian,Vietnamese
Diev,Russian,Chinese
Abdrashitov,Russian,Greek
Jarnov,Russian,Korean
Yalovoi,Russian,Korean
Zhirinovsky,Russian,Vietnamese
Darenkov,Russian,Dutch
Homar,Russian,Chinese
Zimovets,Russian,French
Mindel,Russian,Korean
Vakulenko,Russian,Italian
Binshtok,Russian,Vietnamese
Zhukovich,Russian,Czech
Abulkhanov,Russian,Vietnamese
Pazukhin,Russian,Vietnamese
Hazanov,Russian,Vietnamese
Jakovlev,Russian,Korean
Nijinsky,Russian,Korean
Pylev,Russian,Chinese
Abdurahmanov,Russian,Vietnamese
Haradze,Russian,Japanese
Rakhmatulin,Russian,Vietnamese
Valmus,Russian,Korean
Yanovich,Russian,Czech
Gatturov,Russian,Korean
Jamaletdinov,Russian,French
Tchekhladze,Russian,Vietnamese
Bagiroff,Russian,Vietnamese
Berezutzky,Russian,Dutch
Nastavin,Russian,Greek
Fortygin,Russian,Vietnamese
Gorfunkel,Russian,Korean
Andruhov,Russian,Vietnamese
Yamilov,Russian,Korean
Velyashev,Russian,Greek
Mindadze,Russian,Korean
Rzhanitsin,Russian,Vietnamese
Jemchujny,Russian,Vietnamese
Adabash,Russian,Greek
Shaevich,Russian,Czech
Bawarin,Russian,Korean
Chuvailov,Russian,Vietnamese
Kachnov,Russian,Vietnamese
Jarinov,Russian,Korean
Paidyshev,Russian,Vietnamese
Feschuk,Russian,Dutch
Jelezny,Russian,Korean
Tikhobrazov,Russian,Vietnamese
Marchuk,Russian,Vietnamese
Mahankov,Russian,Vietnamese
Gashkin,Russian,Greek
Horujy,Russian,Korean
Molostvov,Russian,Korean
Zhelnov,Russian,Vietnamese
Jorjev,Russian,Korean
Zheravin,Russian,Dutch
Katzis,Russian,Greek
Yushnevsky,Russian,Vietnamese
Jdan,Russian,Chinese
Pushkov,Russian,Vietnamese
Homuha,Russian,Vietnamese
Makusev,Russian,Korean
Biljo,Russian,Italian
Chukhray,Russian,Vietnamese
Zheltoukhov,Russian,Vietnamese
Jenin,Russian,Chinese
Makhaev,Russian,Vietnamese
Tsvelyuh,Russian,Vietnamese
Nahutin,Russian,Vietnamese
Tovstuha,Russian,Vietnamese
Morev,Russian,Chinese
Dobroserdov,Russian,Dutch
Jendarov,Russian,Dutch
Zhilov,Russian,Vietnamese
Shamov,Russian,Vietnamese
Jakovets,Russian,French
Tchekhanov,Russian,Vietnamese
Guzanov,Russian,Vietnamese
Myatishkin,Russian,Greek
Awtokratoff,Russian,Korean
Hantuev,Russian,Vietnamese
Yankelevich,Russian,Czech
Mokrov,Russian,Korean
Vavra,Russian,Chinese
Novosiltsev,Russian,Korean
Babusenko,Russian,Italian
Hitrovo,Russian,Italian
Hon,Russian,Chinese
Shamin,Russian,Vietnamese
Jitinev,Russian,Korean
Jvanetsky,Russian,French
Tchanov,Russian,Vietnamese
Pliner,Russian,Dutch
Frush,Russian,Chinese
Vazhnichy,Russian,Czech
Abrosoff,Russian,Korean
Otlivschikov,Russian,Vietnamese
Chugreev,Russian,Vietnamese
Awetisoff,Russian,French
Yagubov,Russian,Vietnamese
Djura,Russian,Chinese
Makhlai,Russian,Vietnamese
Vysokinsky,Russian,Korean
Rokhlin,Russian,Vietnamese
Baisarov,Russian,Greek
Deryushev,Russian,Dutch
Grojantsev,Russian,Vietnamese
Andreichenko,Russian,Italian
Lozivets,Russian,French
Horujev,Russian,Korean
Albitsky,Russian,Korean
Janbarisov,Russian,Greek
Matzkov,Russian,Korean
Zheldakov,Russian,Vietnamese
Defabr,Russian,Korean
Lupalenko,Russian,Italian
Hangurian,Russian,Vietnamese
Dzhavahishvili,Russian,Italian
Vintov,Russian,Korean
Darevsky,Russian,Korean
Shamaro,Russian,Italian
Mihailitsyn,Russian,Italian
Ivanov,Russian,Vietnamese
V'Yugin,Russian,Vietnamese
Jadan,Russian,Chinese
Goloshov,Russian,Vietnamese
Zhizhchenko,Russian,Italian
Jitin,Russian,Chinese
Tsarkov,Russian,Korean
Jukhotsky,Russian,Vietnamese
Onilov,Russian,Korean
Alshevsky,Russian,Vietnamese
Bilihodze,Russian,Vietnamese
Dubelt,Russian,Korean
Henkin,Russian,Dutch
Zhezhera,Russian,Dutch
Vedenkin,Russian,Dutch
Jeltuhin,Russian,Vietnamese
Hartukov,Russian,Korean
Gulimov,Russian,Korean
Shiraev,Russian,Vietnamese
Avilov,Russian,Korean
Charukhin,Russian,Vietnamese
Patzev,Russian,Korean
Mozhartsev,Russian,Vietnamese
Baimakoff,Russian,Korean
Adelson,Russian,English
Marysyuk,Russian,Korean
Baiburtyan,Russian,Vietnamese
Shalenkov,Russian,Dutch
Astrakhankin,Russian,Vietnamese
Nosach,Russian,Vietnamese
Imanov,Russian,Vietnamese
Zhitinev,Russian,Vietnamese
Jumenko,Russian,Italian
Chepik,Russian,Vietnamese
Shalagin,Russian,Vietnamese
Yujakov,Russian,Korean
Gorbunov,Russian,Korean
Govendyaev,Russian,Dutch
Rzhevsky,Russian,Vietnamese
Shahrai,Russian,Vietnamese
Bauze,Russian,Chinese
Yangarber,Russian,Dutch
Juzgin,Russian,Vietnamese
Pokhilevich,Russian,Czech
Bazai,Russian,Chinese
Pelman,Russian,Vietnamese
Altshuler,Russian,Dutch
Jankevich,Russian,Czech
Baiseitov,Russian,Greek
Makukha,Russian,Vietnamese
Egershtrom,Russian,Dutch
Martyshin,Russian,Vietnamese
Zhavoronkov,Russian,Vietnamese
Lyzhin,Russian,Vietnamese
Ladyzhets,Russian,French
Batsanov,Russian,Vietnamese
Besschetny,Russian,Dutch
Dopiro,Russian,Italian
Pokhmelkin,Russian,Vietnamese
Fedotkin,Russian,Korean
Bagishaev,Russian,Greek
Mosheev,Russian,Vietnamese
Zenilov,Russian,Dutch
Enikeev,Russian,Korean
Rembeza,Russian,Korean
Groshkov,Russian,Vietnamese
Antufiev,Russian,Korean
Hazov,Russian,Chinese
Nezhentsev,Russian,Dutch
Gorbikov,Russian,Korean
Bagritch,Russian,Vietnamese
Zinevich,Russian,Czech
Saitanov,Russian,Vietnamese
Lygach,Russian,Vietnamese
Mujikov,Russian,Korean
Mikhin,Russian,Vietnamese
Agdarov,Russian,Vietnamese
Van-Puteren,Russian,Dutch
Gulyaschih,Russian,Greek
Vilonov,Russian,Korean
Janishin,Russian,Greek
Jornyak,Russian,Korean
Lozovoy,Russian,Korean
Zhirenkin,Russian,Dutch
Mikhalenkov,Russian,Dutch
Muzykantov,Russian,Vietnamese
Mikhalchenko,Russian,Italian
Halimov,Russian,Korean
Harlinsky,Russian,Korean
Yakhontov,Russian,Vietnamese
Valovoi,Russian,Korean
Tulaev,Russian,Korean
Tsalaban,Russian,Vietnamese
Badych,Russian,Vietnamese
Jatskevich,Russian,Czech
Abrashin,Russian,Greek
Shalashov,Russian,Greek
Lezhnin,Russian,Vietnamese
Vinter,Russian,Dutch
Onikov,Russian,Korean
Tumilovich,Russian,Czech
Bilderling,Russian,Dutch
Judanov,Russian,Vietnamese
Homentovsky,Russian,Dutch
Vilchek,Russian,Vietnamese
Abezgauz,Russian,Vietnamese
Vyazankin,Russian,Vietnamese
Mokh,Russian,Chinese
Abdulgapurov,Russian,Vietnamese
Bagrov,Russian,Vietnamese
Otmahov,Russian,Vietnamese
Shaev,Russian,Chinese
Vitorsky,Russian,Korean
Rekshinsky,Russian,Vietnamese
To The First Page,Russian,Vietnamese
Adzhalov,Russian,Vietnamese
Mahrov,Russian,Vietnamese
Avdiyants,Russian,Vietnamese
Djugashvili,Russian,Greek
En'Kov,Russian,Korean
Anodin,Russian,Korean
Bekhoev,Russian,Vietnamese
Tolbuhin,Russian,Vietnamese
Islyamov,Russian,Korean
Zhivoderov,Russian,Dutch
Rakhalsky,Russian,Vietnamese
Grosshopf,Russian,Vietnamese
Tumarkin,Russian,Korean
Vandalkovsky,Russian,Vietnamese
Vadbolski,Russian,Korean
Shadhan,Russian,Vietnamese
Rotast,Russian,Greek
Golota,Russian,Korean
Jirkov,Russian,Korean
Shaldybin,Russian,Vietnamese
Jurkovsky,Russian,Korean
Jakub,Russian,Chinese
Zhigarev,Russian,Vietnamese
Tsehansky,Russian,Vietnamese
Tikhonenko,Russian,Italian
Kalaida,Russian,Korean
Haslavsky,Russian,Greek
Tzekhmistrenko,Russian,Italian
Zhernosek,Russian,Dutch
Poyasnik,Russian,Greek
Yanzinov,Russian,Vietnamese
Dyakov,Russian,Korean
Homutnikov,Russian,Korean
Minovitsky,Russian,Korean
Himenko,Russian,Italian
Hegai,Russian,Chinese
Balazovsky,Russian,Korean
Talov,Russian,Chinese
Chehluev,Russian,Vietnamese
Gulevsky,Russian,Korean
Shalko,Russian,Italian
Onuchin,Russian,Vietnamese
Jakushin,Russian,Vietnamese
Valk,Russian,Chinese
Saker,Russian,Chinese
Glagolevskii,Russian,Vietnamese
Artizov,Russian,Korean
Makul,Russian,Chinese
Shahno,Russian,Italian
Baev,Russian,Chinese
Otain,Russian,Chinese
Researcher,Russian,Dutch
Awerchenko,Russian,Italian
Molyavinsky,Russian,Korean
Abramtchikoff,Russian,Vietnamese
Agabekov,Russian,Vietnamese
Hamzin,Russian,Korean
Tugushev,Russian,Vietnamese
Jemaitis,Russian,Greek
Fominyh,Russian,Vietnamese
Grammatikov,Russian,Korean
Yalunin,Russian,Korean
Chabrov,Russian,Vietnamese
Vertelko,Russian,Italian
Michurin,Russian,Czech
Mordvintsev,Russian,Korean
Galkovsky,Russian,Korean
Mohov,Russian,Chinese
Vyschepan,Russian,Vietnamese
Chuvashov,Russian,Greek
Lubutin,Russian,Korean
Shalimo,Russian,Italian
Abdulbekoff,Russian,Korean
Yakubovich,Russian,Czech
Poshevnev,Russian,Vietnamese
Yandutkin,Russian,Vietnamese
Vihirev,Russian,Vietnamese
Davlertgareev,Russian,Dutch
Tsahilov,Russian,Vietnamese
Balashoff,Russian,Greek
Turik,Russian,Chinese
Bahvaloff,Russian,Vietnamese
Limansky,Russian,Vietnamese
Batchurin,Russian,Vietnamese
Pechatnov,Russian,Vietnamese
Djincharadze,Russian,Japanese
Demidenko,Russian,Italian
Vasindin,Russian,Greek
Darminov,Russian,Korean
Mihailin,Russian,Italian
Daragan,Russian,Japanese
Lozovsky,Russian,Korean
Jolkov,Russian,Korean
Babkeev,Russian,Korean
Sereda,Russian,Dutch
Gorbenko,Russian,Italian
Vagin,Russian,Chinese
Grosfeld,Russian,Korean
Livshitz,Russian,Vietnamese
Badaev,Russian,Korean
Adelfinsky,Russian,Korean
Dzhikaev,Russian,Vietnamese
Grigoraschuk,Russian,Greek
Divnich,Russian,Czech
Abalihin,Russian,Vietnamese
Demishev,Russian,Greek
Zasukhin,Russian,Greek
Bazulev,Russian,Korean
Baichoroff,Russian,Czech
Durakov,Russian,Korean
Deshesko,Russian,Italian
Veselenko,Russian,Italian
Sheluntsov,Russian,Vietnamese
Emkov,Russian,Chinese
Shamilyan,Russian,Vietnamese
Demirhanov,Russian,Vietnamese
Nevelskoi,Russian,Korean
Libreht,Russian,Vietnamese
Eremushkin,Russian,Vietnamese
Martov,Russian,Korean
Schepatov,Russian,Vietnamese
Avdoshin,Russian,Japanese
Glaziev,Russian,Korean
Kalinochkin,Russian,Vietnamese
Muller,Russian,Dutch
Zis,Russian,Chinese
Jivotinsky,Russian,Korean
Agilera,Russian,Dutch
Raikhelson,Russian,English
Poshiklov,Russian,Vietnamese
Adlerov,Russian,Dutch
Penkin,Russian,Dutch
Dzhumagaliev,Russian,Vietnamese
Agafonov,Russian,Vietnamese
Lyjin,Russian,Chinese
Jatzyshin,Russian,Vietnamese
Rjavinsky,Russian,Korean
Dienko,Russian,Italian
Tuzov,Russian,Chinese
Zheleznov,Russian,Vietnamese
Leibov,Russian,Korean
Mochanov,Russian,Vietnamese
Filippenko,Russian,Italian
Zharnov,Russian,Vietnamese
Shaer,Russian,Chinese
Jushman,Russian,Vietnamese
Gasilov,Russian,Greek
Zhilyardy,Russian,Vietnamese
Nyago,Russian,Italian
Jakimets,Russian,Japanese
Modenov,Russian,Dutch
Shamankov,Russian,Vietnamese
Adjemyan,Russian,Vietnamese
Averitchkin,Russian,Dutch
Kalinov,Russian,Korean
Bazhinov,Russian,Vietnamese
Bindyukov,Russian,Korean
Shamanov,Russian,Vietnamese
Piskovoy,Russian,Greek
Altman,Russian,Vietnamese
Dobrolensky,Russian,Dutch
Bakushinsky,Russian,Vietnamese
Zhavoronsky,Russian,Vietnamese
Zhemchugov,Russian,Vietnamese
Bazarhandaev,Russian,Vietnamese
Lutohin,Russian,Vietnamese
Djanaev,Russian,Vietnamese
Jakutin,Russian,Korean
Tsarev,Russian,Korean
Velichkovsky,Russian,Czech
Tkachuk,Russian,Vietnamese
Mikhailovich,Russian,Italian
Haraev,Russian,Japanese
Makhin,Russian,Vietnamese
Vadovski,Russian,Korean
Hait,Russian,Chinese
Vainberger,Russian,Dutch
Almondinov,Russian,Korean
Lubutov,Russian,Korean
Djibuti,Russian,Korean
Munyabin,Russian,Korean
Nymmik,Russian,Korean
Danilchenko,Russian,Italian
Adno,Russian,Italian
Kalihanov,Russian,Vietnamese
Abuhov,Russian,Vietnamese
Troilin,Russian,Korean
Gorbushin,Russian,Vietnamese
Veligura,Russian,Vietnamese
Lerner,Russian,Dutch
Jigalkin,Russian,Vietnamese
Pitomets,Russian,French
Dubentsov,Russian,Dutch
Vasyutynsky,Russian,Greek
Molchadsky,Russian,Vietnamese
Tzelobenok,Russian,Dutch
Zhmotov,Russian,Vietnamese
Utrobin,Russian,Korean
Andrukhov,Russian,Vietnamese
Shakhmaev,Russian,Vietnamese
Gastev,Russian,Greek
Glaznev,Russian,Korean
Durnovtsev,Russian,Korean
Mokrinsky,Russian,Korean
Turintsev,Russian,Korean
Batunov,Russian,Korean
Tsayukov,Russian,Korean
Alytsky,Russian,Korean
Jarikov,Russian,Korean
Jalunin,Russian,Korean
Priemykhov,Russian,Vietnamese
Galkus,Russian,Korean
Arbudu,Russian,Korean
Zogalev,Russian,Vietnamese
Mikhaltsev,Russian,Vietnamese
Novoselski,Russian,Korean
Lupandin,Russian,Vietnamese
Jilyakov,Russian,Korean
Mochtarev,Russian,Vietnamese
Jakunin,Russian,Korean
Vasserman,Russian,Dutch
Divinets,Russian,French
Kalitin,Russian,Korean
Vaginoff,Russian,Vietnamese
Fazylzyanov,Russian,Vietnamese
Pyjev,Russian,Chinese
Mihalsky,Russian,Vietnamese
Denisov,Russian,Dutch
Ustimovich,Russian,Czech
Tumbakov,Russian,Korean
Vaskov,Russian,Greek
Ekaterininsky,Russian,Dutch
Gorskin,Russian,Korean
Chertakov,Russian,Dutch
Vilken,Russian,Dutch
Jorov,Russian,Chinese
Pyriev,Russian,Korean
Tchanturia,Russian,Vietnamese
Adolf,Russian,Chinese
Sakiev,Russian,Japanese
Lukhvich,Russian,Czech
Egof,Russian,Chinese
Loevsky,Russian,Korean
Pyavchenko,Russian,Italian
Averbah,Russian,Dutch
Bairashewsky,Russian,Greek
Zhidkikh,Russian,Vietnamese
Pahrin,Russian,Vietnamese
Ladyzhnikov,Russian,Vietnamese
Usikov,Russian,Korean
Usik,Russian,Chinese
Muzykin,Russian,Korean
Goloushev,Russian,Vietnamese
Raikin,Russian,Korean
Havin,Russian,Chinese
Vyjletsov,Russian,French
Makhalin,Russian,Vietnamese
Haptakhaev,Russian,Vietnamese
Turyanov,Russian,Vietnamese
Marchenkov,Russian,Dutch
Hitarov,Russian,Korean
Kalaichev,Russian,Czech
Renkevich,Russian,Czech
Gludin,Russian,Korean
Tsaplinsky,Russian,Korean
Dovzhuk,Russian,Vietnamese
Anin,Russian,Chinese
Dubinovsky,Russian,Korean
Chuta,Russian,Chinese
Awranek,Russian,Vietnamese
Avrorin,Russian,Korean
Tzeiger,Russian,Dutch
Barandych,Russian,Japanese
Jakubovsky,Russian,Korean
Zhilyaev,Russian,Vietnamese
Yachikov,Russian,Vietnamese
Lezhava,Russian,Vietnamese
Timiryazev,Russian,Korean
Dobrynsky,Russian,Korean
Avtsyn,Russian,Korean
Mihailidi,Russian,Italian
Tokarchuk,Russian,Vietnamese
Porosyuk,Russian,Korean
Jinkin,Russian,Korean
Pakholkov,Russian,Vietnamese
Vertkov,Russian,Dutch
Agrashev,Russian,Greek
Abragam,Russian,Vietnamese
Vavkin,Russian,Korean
Hanafiev,Russian,Vietnamese
Berezyuk,Russian,Dutch
Balagurov,Russian,Vietnamese
Rokhmanov,Russian,Vietnamese
Uchitel,Russian,Vietnamese
Valiev,Russian,Korean
Kabachev,Russian,Vietnamese
Baibakov,Russian,Korean
Zhigalov,Russian,Vietnamese
Guldreih,Russian,Vietnamese
Djahaya,Russian,Vietnamese
Ruts,Russian,Chinese
Bakhovtsev,Russian,Vietnamese
Nasikovsky,Russian,Greek
Tulikov,Russian,Korean
Baklashoff,Russian,Greek
Abdrakhmanov,Russian,Vietnamese
Agayants,Russian,Vietnamese
Rustamov,Russian,Korean
Vyshinsky,Russian,Vietnamese
Anuriev,Russian,Korean
Hurtov,Russian,Korean
Iskin,Russian,Chinese
Abasov,Russian,Greek
Golostenov,Russian,Dutch
Jovnerik,Russian,Dutch
Golovaty,Russian,Korean
Pazhukov,Russian,Vietnamese
Renovants,Russian,Dutch
Shakhbazov,Russian,Vietnamese
Reles,Russian,Chinese
Shadsky,Russian,Vietnamese
Adiloff,Russian,Korean
Marov,Russian,Chinese
Vysokov,Russian,Korean
Adoratski,Russian,Korean
Jamlihanov,Russian,Vietnamese
Hurdey,Russian,Korean
Erepov,Russian,Korean
Likin,Russian,Chinese
Pitatelev,Russian,Korean
Chuvilev,Russian,Vietnamese
Agranoff,Russian,Vietnamese
Jukovsky,Russian,Korean
Vykhodtsev,Russian,Vietnamese
Rjavin,Russian,Korean
Yudochkin,Russian,Vietnamese
Jmudsky,Russian,Korean
Dubko,Russian,Italian
Zinkevich,Russian,Czech
Lejnev,Russian,Korean
Toka,Russian,Chinese
Demichev,Russian,Czech
Eliashberg,Russian,Dutch
Averkov,Russian,Dutch
Molojavy,Russian,Korean
Shaihmurzin,Russian,Vietnamese
Shakhnarovich,Russian,Czech
Baidalin,Russian,Korean
Balabuev,Russian,Korean
Vakulentchuk,Russian,Dutch
Zolin,Russian,Chinese
Vedenyapin,Russian,Dutch
Researcher,Russian,Dutch
Astyrev,Russian,Korean
Diderihs,Russian,Dutch
Zhelvakov,Russian,Vietnamese
Yanishin,Russian,Greek
Zharnikov,Russian,Vietnamese
Chekomasov,Russian,Greek
Kallik,Russian,Korean
Leibkin,Russian,Korean
Rovkov,Russian,Korean
Chuhnovsky,Russian,Vietnamese
Beinenson,Russian,Dutch
Baderskov,Russian,Dutch
Abramenko,Russian,Italian
Nezvigin,Russian,Vietnamese
Dobrotin,Russian,Korean
Prokofiev,Russian,Korean
Shevtsov,Russian,Vietnamese
Yuzvishin,Russian,Greek
Behtin,Russian,Vietnamese
Baibursky,Russian,Korean
Sakin,Russian,Japanese
Mozharovsky,Russian,Vietnamese
Tseluiko,Russian,Italian
Divov,Russian,Chinese
Dubrowsky,Russian,Korean
Rakhimov,Russian,Vietnamese
Rahov,Russian,Chinese
Turko,Russian,Italian
Hitrin,Russian,Korean
Bazetskov,Russian,French
Mikhalev,Russian,Vietnamese
Mkrtchyants,Russian,Vietnamese
Yuhimenko,Russian,Italian
Kalachikhin,Russian,Vietnamese
Shamanaev,Russian,Vietnamese
Yankov,Russian,Vietnamese
Viskhanov,Russian,Greek
Zhurihin,Russian,Vietnamese
Moshkovich,Russian,Czech
Jijemsky,Russian,Korean
Chepko,Russian,Italian
Changli,Russian,Vietnamese
Remyannikov,Russian,Vietnamese
Jarihin,Russian,Vietnamese
Baiguzin,Russian,Vietnamese
Galenkov,Russian,Dutch
Tzeizik,Russian,Korean
Lohanov,Russian,Vietnamese
Gramatke,Russian,Korean
Gulishambarov,Russian,Greek
Nasetkin,Russian,French
Gross,Russian,Chinese
Uchaikin,Russian,Vietnamese
Galstyan,Russian,Vietnamese
Huzin,Russian,Chinese
Nyuhtilin,Russian,Vietnamese
Tzaregorodtsev,Russian,Vietnamese
Yakimenko,Russian,Japanese
Poshlyakov,Russian,Vietnamese
Lizander,Russian,Dutch
Engelgard,Russian,Vietnamese
Djabruev,Russian,Korean
Ondrikov,Russian,Korean
Marholenko,Russian,Italian
Yanvarev,Russian,Vietnamese
Mikhaleiko,Russian,Italian
Valshin,Russian,Vietnamese
Darsigov,Russian,Vietnamese
Deryuzhinsky,Russian,Dutch
Gladshtein,Russian,Vietnamese
Guznischev,Russian,Greek
Muru,Russian,Chinese
Lejikov,Russian,Korean
Nurok,Russian,Chinese
Lutovich,Russian,Czech
Lejepekov,Russian,Korean
Shahbanov,Russian,Vietnamese
Zhiboedov,Russian,Vietnamese
Zihanov,Russian,Vietnamese
Shahanov,Russian,Vietnamese
Horohorkin,Russian,Vietnamese
Vihansky,Russian,Vietnamese
Abrosimov,Russian,Korean
Abrukov,Russian,Korean
Detengof,Russian,Dutch
Gach,Russian,Chinese
Jablochkov,Russian,Vietnamese
To The First Page,Russian,Vietnamese
Agureev,Russian,Vietnamese
Shirinyants,Russian,Vietnamese
Jigulsky,Russian,Vietnamese
Avsyuk,Russian,Korean
Yagudin,Russian,Vietnamese
Juzhalin,Russian,Vietnamese
Leonenko,Russian,Italian
Judahin,Russian,Vietnamese
Penkov,Russian,Dutch
Mikhailets,Russian,French
Lutoshkin,Russian,Vietnamese
Vaganov,Russian,Vietnamese
Tzann-Kay-Si,Russian,Vietnamese
Schepin,Russian,Vietnamese
Prigara,Russian,Japanese
Kalatsky,Russian,Korean
Shennikov,Russian,Dutch
Hakimov,Russian,Japanese
Hadartsev,Russian,Korean
Minyar,Russian,Korean
Pliev,Russian,Chinese
Vakker,Russian,Dutch
Abzyaparov,Russian,Korean
Vaisman,Russian,Greek
Tchalykh,Russian,Vietnamese
Bereznev,Russian,Dutch
Adodurov,Russian,Korean
Jelezov,Russian,Korean
Zhukovets,Russian,French
Nudatov,Russian,Korean
Baziner,Russian,Dutch
Shakhkalamyan,Russian,Vietnamese
Avdeichikov,Russian,Czech
Pelsh,Russian,Chinese
Mahno,Russian,Italian
Vasyuk,Russian,Greek
Murychev,Russian,Vietnamese
Kachainik,Russian,Vietnamese
Yudakov,Russian,Korean
Mochalsky,Russian,Vietnamese
Hlutkov,Russian,Korean
Yuhov,Russian,Chinese
Lyrschikov,Russian,Vietnamese
Katzur,Russian,Korean
Gaubrich,Russian,Czech
Endzelin,Russian,Korean
Abdulbekov,Russian,Korean
Baginov,Russian,Vietnamese
Zholkov,Russian,Vietnamese
Dannenberg,Russian,Dutch
Pytsky,Russian,Korean
Abdulkadyroff,Russian,Korean
Tropinov,Russian,Korean
Vaganoff,Russian,Vietnamese
Baklanov,Russian,Vietnamese
Deniskin,Russian,Dutch
Gordasevich,Russian,Czech
Molodtsov,Russian,Korean
Avatyan,Russian,Vietnamese
Hatagov,Russian,Vietnamese
Renkas,Russian,Dutch
Androkhanov,Russian,Vietnamese
Zhelobinsky,Russian,Vietnamese
Schits,Russian,Vietnamese
Vesnovsky,Russian,Dutch
Davydov,Russian,Korean
Zhurikhin,Russian,Vietnamese
Baiteryakoff,Russian,Dutch
Gordeenko,Russian,Italian
Velts,Russian,Chinese
Likharev,Russian,Vietnamese
Valkov,Russian,Korean
Mihalushkin,Russian,Vietnamese
Juravkov,Russian,Korean
Agatoff,Russian,Vietnamese
Dovydenko,Russian,Italian
Rempel,Russian,Korean
Gordopolov,Russian,Korean
Bagdasaryan,Russian,Greek
Matsuev,Russian,Japanese
Belorussov,Russian,Korean
Awksentiev,Russian,Dutch
Vlasevich,Russian,Czech
Vozilov,Russian,Korean
Bezubyak,Russian,Korean
Zhurman,Russian,Vietnamese
Vinchi,Russian,Vietnamese
Djuromsky,Russian,Korean
Tueshev,Russian,Dutch
Juzva,Russian,Chinese
Uzenya,Russian,Dutch
Artibyakin,Russian,Japanese
Mih,Russian,Chinese
Tulya,Russian,Chinese
Yakurin,Russian,Korean
Tcheh,Russian,Chinese
Jivlyuk,Russian,Korean
Shakhnazaryan,Russian,Vietnamese
Rahmanin,Russian,Vietnamese
Awik,Russian,Chinese
Jilnikov,Russian,Korean
Mordovin,Russian,Korean
Zhadkevich,Russian,Czech
Tovstolujsky,Russian,Korean
Baitov,Russian,Korean
Moloshnikov,Russian,Vietnamese
Diky,Russian,Chinese
Kalachev,Russian,Vietnamese
Piskarev,Russian,Greek
Murchenko,Russian,Italian
Shah,Russian,Chinese
Vihrev,Russian,Vietnamese
Anikin,Russian,Korean
Yudkin,Russian,Korean
Shakhurov,Russian,Vietnamese
Tchamushev,Russian,Vietnamese
Nasonov,Russian,English
Pecheny,Russian,Dutch
Hagur,Russian,Chinese
Nesselrode,Russian,Dutch
Jigun,Russian,Chinese
Pochitalin,Russian,Vietnamese
Dubnyakov,Russian,Korean
Halileev,Russian,Korean
Vyucheisky,Russian,Greek
Jagudin,Russian,Vietnamese
Zhigulenkov,Russian,Dutch
Jatskov,Russian,Korean
Zolotarev,Russian,Korean
Chikirev,Russian,Vietnamese
Juzhanov,Russian,Vietnamese
Levit,Russian,Chinese
Gudima,Russian,Korean
Chuhalov,Russian,Vietnamese
Nuryaev,Russian,Korean
Abdulkhabiroff,Russian,Vietnamese
Handorin,Russian,Vietnamese
Andreichin,Russian,Czech
Adiev,Russian,Chinese
Shahmatov,Russian,Vietnamese
Shahvorostov,Russian,Vietnamese
Mikhels,Russian,Vietnamese
Polibin,Russian,Korean
Tamanyan,Russian,Vietnamese
Bakatin,Russian,Korean
Piskorsky,Russian,Greek
Vanifatiev,Russian,Vietnamese
Bahuta,Russian,Vietnamese
Zhivov,Russian,Vietnamese
Zhikin,Russian,Vietnamese
Geroev,Russian,Dutch
Agenosov,Russian,Dutch
Zheltov,Russian,Vietnamese
Lotorev,Russian,Korean
Zhigmytov,Russian,Vietnamese
Vainer,Russian,Dutch
Tcheharin,Russian,Vietnamese
Jigailo,Russian,Italian
Chepelyanov,Russian,Vietnamese
Chehonin,Russian,Vietnamese
Jachikov,Russian,Vietnamese
Zhadanov,Russian,Vietnamese
Vyrupaev,Russian,Korean
Yalovets,Russian,French
Glazman,Russian,Vietnamese
Andrusenko,Russian,Italian
Porai-Koshits,Russian,Japanese
Nakhimov,Russian,Vietnamese
Abdulrahmanoff,Russian,Vietnamese
Mahlinsky,Russian,Vietnamese
Ponosov,Russian,Korean
Chukhraev,Russian,Vietnamese
Adelhanov,Russian,Vietnamese
Desyatskov,Russian,Dutch
Agranov,Russian,Vietnamese
Gau,Russian,Chinese
Yambaev,Russian,Korean
Abaturov,Russian,Korean
Peller,Russian,Dutch
Dats,Russian,Chinese
Grigolyuk,Russian,Vietnamese
Gorchinsky,Russian,Vietnamese
Tokin,Russian,Chinese
Babakhanoff,Russian,Vietnamese
Pyavko,Russian,Italian
Yakushin,Russian,Vietnamese
Pridvorov,Russian,Korean
Fadin,Russian,Chinese
Pokhilchuk,Russian,Vietnamese
Los,Russian,Chinese
Horoshko,Russian,Italian
Balayan,Russian,Vietnamese
Tulnikov,Russian,Korean
Jivoluk,Russian,Korean
Halo,Russian,Italian
Dogadaev,Russian,Vietnamese
Limoshin,Russian,Japanese
Yanpolsky,Russian,Vietnamese
Mikhalevsky,Russian,Vietnamese
Jankelevich,Russian,Czech
Dobrohotov,Russian,Vietnamese
Hanin,Russian,Chinese
Dovbyschuk,Russian,Vietnamese
Mingaleev,Russian,Vietnamese
Mordinov,Russian,Korean
Loifman,Russian,Vietnamese
Yudanov,Russian,Vietnamese
Hahulin,Russian,Vietnamese
Chuhnin,Russian,Vietnamese
Bereznevich,Russian,Czech
Mihalenkov,Russian,Dutch
Hihich,Russian,Czech
Davletshin,Russian,French
Bakun,Russian,Chinese
Zhuchkov,Russian,Vietnamese
Shaihutdinov,Russian,Vietnamese
Zhemlihanov,Russian,Vietnamese
Zhizhemsky,Russian,Vietnamese
Bavykin,Russian,Korean
Lotman,Russian,Vietnamese
Movchun,Russian,Vietnamese
Dovjuk,Russian,Korean
Hludov,Russian,Korean
Pelyushenko,Russian,Italian
Jokhin,Russian,Vietnamese
Yafarov,Russian,Korean
Pekhotin,Russian,Vietnamese
Pakhrin,Russian,Vietnamese
Jugin,Russian,Chinese
Dubinkin,Russian,Korean
Zimitsky,Russian,Korean
Lymarev,Russian,Korean
Filippenkov,Russian,Dutch
Badalyants,Russian,Vietnamese
Timirev,Russian,Korean
Doich,Russian,Chinese
Yakovchenko,Russian,Italian
Japparov,Russian,Korean
Glukharev,Russian,Vietnamese
Mikhailjuk,Russian,Vietnamese
Zhivago,Russian,Italian
Agarkoff,Russian,Vietnamese
Vedischev,Russian,Greek
Jangarber,Russian,Dutch
Yakimchuk,Russian,Japanese
Yankilovich,Russian,Czech
Awroroff,Russian,Korean
Ryzhikh,Russian,Vietnamese
Bagdatiev,Russian,Vietnamese
Tcharuhin,Russian,Vietnamese
Chursalov,Russian,Vietnamese
Lichagin,Russian,Czech
Bakhmetoff,Russian,French
Haleev,Russian,Korean
Leitman,Russian,Vietnamese
Vaidanovich,Russian,Czech
Auerbach,Russian,Dutch
Mahtiev,Russian,Vietnamese
Zingman,Russian,Vietnamese
Gudzenko,Russian,Italian
Zhmakin,Russian,Japanese
Vilchur,Russian,Vietnamese
Tovarovsky,Russian,Korean
Gordeichik,Russian,Czech
Gladky,Russian,Korean
Babeshkin,Russian,Dutch
Filippkin,Russian,Italian
Moltenskoi,Russian,Dutch
Awaloff,Russian,Korean
Baikovsky,Russian,Korean
Eikalovich,Russian,Czech
Chikviladze,Russian,Vietnamese
Basto,Russian,Italian
Ponomarev,Russian,Korean
Tihy,Russian,Chinese
Holschevnikov,Russian,Vietnamese
Yakhin,Russian,Vietnamese
Harybin,Russian,Korean
Batchaldin,Russian,Vietnamese
Fortunatov,Russian,Korean
Kartalov,Russian,Korean
Yampolsky,Russian,Korean
Voronichev,Russian,Czech
Fiskin,Russian,Greek
Sai,Russian,Chinese
Schkrebitko,Russian,Italian
Zasursky,Russian,Greek
Bakai,Russian,Chinese
Baban,Russian,Chinese
Jukhnin,Russian,Vietnamese
Gerasimovsky,Russian,Dutch
Hantimerov,Russian,Dutch
Hinich,Russian,Czech
Zharkovsky,Russian,Vietnamese
Zhitarev,Russian,Vietnamese
Graifer,Russian,Dutch
Yagupa,Russian,Vietnamese
Dahno,Russian,Italian
Pochkunov,Russian,Vietnamese
Tzagareli,Russian,Vietnamese
Abdulgaziev,Russian,Vietnamese
Ustryalov,Russian,Korean
Nuriev,Russian,Korean
Kalabekov,Russian,Korean
Babakhanov,Russian,Vietnamese
Jablontzev,Russian,Korean
Chehovsky,Russian,Vietnamese
Tovstukha,Russian,Vietnamese
Rainov,Russian,Korean
Nahapetov,Russian,French
Kalamanov,Russian,Vietnamese
Tobolkin,Russian,Korean
Murray,Scottish,Korean
Alexander,Scottish,Dutch
Young,Scottish,Chinese
Mitchell,Scottish,Vietnamese
Bruce,Scottish,Chinese
Mckay,Scottish,Chinese
Milne,Scottish,Chinese
Miller,Scottish,Dutch
Millar,Scottish,Korean
Russell,Scottish,Korean
Mclaughlin,Scottish,Vietnamese
Ritchie,Scottish,Vietnamese
Gray,Scottish,Chinese
Simpson,Scottish,English
Smith,Scottish,Chinese
Gebara,Spanish,Japanese
Banderas,Spanish,Dutch
Aiza,Spanish,Chinese
Narváez,Spanish,Spanish
Porras,Spanish,Greek
Quintana,Spanish,Chinese
Medina,Spanish,Korean
Mateu,Spanish,Chinese
Rivera,Spanish,Dutch
Rodríguez,Spanish,Spanish
Bello,Spanish,Italian
Del bosque,Spanish,Korean
Jaso,Spanish,Italian
Oleastro,Spanish,Italian
Vela,Spanish,Chinese
Rivero,Spanish,Italian
Sandoval,Spanish,Vietnamese
Chavarría,Spanish,Spanish
Romà,Spanish,Chinese
Holguín,Spanish,Spanish
Zamorano,Spanish,Italian
Colón,Spanish,Spanish
Iturburua,Spanish,Korean
Dominguez,Spanish,Vietnamese
Acosta,Spanish,Korean
Fernández,Spanish,Spanish
Caro,Spanish,Italian
Gonzalez,Spanish,Korean
Castro,Spanish,Italian
Hernandez,Spanish,Dutch
Bengochea,Spanish,Dutch
Lobo,Spanish,Italian
Cabrera,Spanish,Dutch
Palomo,Spanish,Italian
Velazquez,Spanish,Korean
Etxeberria,Spanish,Dutch
Guerrero,Spanish,Italian
Solo,Spanish,Italian
Tomàs,Spanish,Chinese
Urbina,Spanish,Korean
Araújo,Spanish,Spanish
Jordà,Spanish,Chinese
Villa,Spanish,Chinese
De la fuente,Spanish,Dutch
Petit,Spanish,Chinese
Campos,Spanish,Korean
Lieu,Vietnamese,Chinese
Truong,Vietnamese,Vietnamese
Chu,Vietnamese,Chinese
Huynh,Vietnamese,Chinese
an,Vietnamese,Chinese
La,Vietnamese,Chinese
Dang,Vietnamese,Chinese
Thi,Vietnamese,Chinese
Ta,Vietnamese,Chinese
Cao,Vietnamese,Italian
Trieu,Vietnamese,Chinese
Ha,Vietnamese,Chinese
